--Camara
insert into Camara values ( 0 );
insert into Camara values ( 1 );
insert into Camara values ( 2 );
insert into Camara values ( 3 );
insert into Camara values ( 4 );
insert into Camara values ( 5 );
insert into Camara values ( 6 );
insert into Camara values ( 7 );
insert into Camara values ( 8 );
insert into Camara values ( 9 );
insert into Camara values ( 10 );
insert into Camara values ( 11 );
insert into Camara values ( 12 );
insert into Camara values ( 13 );
insert into Camara values ( 14 );
insert into Camara values ( 15 );
insert into Camara values ( 16 );
insert into Camara values ( 17 );
insert into Camara values ( 18 );
insert into Camara values ( 19 );
insert into Camara values ( 20 );
insert into Camara values ( 21 );
insert into Camara values ( 22 );
insert into Camara values ( 23 );
insert into Camara values ( 24 );
insert into Camara values ( 25 );
insert into Camara values ( 26 );
insert into Camara values ( 27 );
insert into Camara values ( 28 );
insert into Camara values ( 29 );
insert into Camara values ( 30 );
insert into Camara values ( 31 );
insert into Camara values ( 32 );
insert into Camara values ( 33 );
insert into Camara values ( 34 );
insert into Camara values ( 35 );
insert into Camara values ( 36 );
insert into Camara values ( 37 );
insert into Camara values ( 38 );
insert into Camara values ( 39 );
insert into Camara values ( 40 );
insert into Camara values ( 41 );
insert into Camara values ( 42 );
insert into Camara values ( 43 );
insert into Camara values ( 44 );
insert into Camara values ( 45 );
insert into Camara values ( 46 );
insert into Camara values ( 47 );
insert into Camara values ( 48 );
insert into Camara values ( 49 );
insert into Camara values ( 50 );
insert into Camara values ( 51 );
insert into Camara values ( 52 );
insert into Camara values ( 53 );
insert into Camara values ( 54 );
insert into Camara values ( 55 );
insert into Camara values ( 56 );
insert into Camara values ( 57 );
insert into Camara values ( 58 );
insert into Camara values ( 59 );
insert into Camara values ( 60 );
insert into Camara values ( 61 );
insert into Camara values ( 62 );
insert into Camara values ( 63 );
insert into Camara values ( 64 );
insert into Camara values ( 65 );
insert into Camara values ( 66 );
insert into Camara values ( 67 );
insert into Camara values ( 68 );
insert into Camara values ( 69 );
insert into Camara values ( 70 );
insert into Camara values ( 71 );
insert into Camara values ( 72 );
insert into Camara values ( 73 );
insert into Camara values ( 74 );
insert into Camara values ( 75 );
insert into Camara values ( 76 );
insert into Camara values ( 77 );
insert into Camara values ( 78 );
insert into Camara values ( 79 );
insert into Camara values ( 80 );
insert into Camara values ( 81 );
insert into Camara values ( 82 );
insert into Camara values ( 83 );
insert into Camara values ( 84 );
insert into Camara values ( 85 );
insert into Camara values ( 86 );
insert into Camara values ( 87 );
insert into Camara values ( 88 );
insert into Camara values ( 89 );
insert into Camara values ( 90 );
insert into Camara values ( 91 );
insert into Camara values ( 92 );
insert into Camara values ( 93 );
insert into Camara values ( 94 );
insert into Camara values ( 95 );
insert into Camara values ( 96 );
insert into Camara values ( 97 );
insert into Camara values ( 98 );
insert into Camara values ( 99 );

--Video
insert into Video values ('2008-12-22 04:21','2009-03-13 11:34',  93 );
insert into Video values ('2010-10-27 17:12','2011-02-26 23:51',  66 );
insert into Video values ('2016-11-15 07:08','2017-08-15 14:51',  90 );
insert into Video values ('2004-08-06 18:51','2005-07-22 20:33',  23 );
insert into Video values ('2009-01-20 01:47','2009-11-04 18:19',  0 );
insert into Video values ('2010-04-26 02:06','2011-01-22 10:08',  81 );
insert into Video values ('2018-11-20 15:29','2019-01-11 06:17',  7 );
insert into Video values ('2015-05-24 07:26','2015-06-10 02:04',  57 );
insert into Video values ('2003-01-01 12:18','2003-01-21 14:27',  79 );
insert into Video values ('2002-02-06 13:20','2002-12-24 10:41',  99 );
insert into Video values ('2007-06-20 08:13','2007-07-25 19:03',  81 );
insert into Video values ('2012-12-13 19:09','2013-08-17 22:08',  10 );
insert into Video values ('2017-12-05 17:34','2017-12-07 19:57',  12 );
insert into Video values ('2015-02-18 04:17','2015-05-08 15:17',  47 );
insert into Video values ('2008-02-04 15:56','2008-10-05 12:49',  94 );
insert into Video values ('2010-11-13 17:34','2011-04-03 05:55',  71 );
insert into Video values ('2003-02-28 09:18','2003-08-22 17:06',  42 );
insert into Video values ('2016-09-10 13:43','2017-02-07 18:19',  7 );
insert into Video values ('2008-10-15 09:48','2009-02-14 18:37',  60 );
insert into Video values ('2001-02-23 07:36','2001-08-31 19:41',  88 );
insert into Video values ('2012-06-18 14:28','2013-03-29 23:40',  64 );
insert into Video values ('2018-07-03 04:01','2018-12-12 11:09',  59 );
insert into Video values ('2000-04-28 13:05','2000-05-19 02:46',  46 );
insert into Video values ('2012-06-20 11:28','2013-01-23 21:33',  77 );
insert into Video values ('2007-02-24 22:30','2007-09-03 02:28',  95 );
insert into Video values ('2010-09-23 09:10','2011-01-24 02:48',  25 );
insert into Video values ('2016-10-22 19:46','2017-03-15 10:02',  75 );
insert into Video values ('2017-04-07 22:08','2017-12-18 05:09',  78 );
insert into Video values ('2003-11-04 18:34','2004-03-17 06:57',  23 );
insert into Video values ('2013-12-01 01:21','2014-03-22 05:57',  9 );
insert into Video values ('2000-12-17 05:35','2001-07-29 02:47',  36 );
insert into Video values ('2008-02-21 09:58','2008-04-18 17:01',  69 );
insert into Video values ('2000-10-16 17:26','2001-04-20 03:15',  21 );
insert into Video values ('2008-06-21 18:11','2008-07-21 00:18',  1 );
insert into Video values ('2007-03-23 22:49','2007-11-17 19:46',  79 );
insert into Video values ('2005-06-17 12:50','2006-01-31 06:47',  69 );
insert into Video values ('2011-04-28 22:07','2012-02-16 17:51',  59 );
insert into Video values ('2014-10-20 18:47','2014-11-08 03:58',  24 );
insert into Video values ('2004-10-03 18:30','2005-03-15 01:28',  78 );
insert into Video values ('2017-04-13 08:16','2017-10-15 20:05',  24 );
insert into Video values ('2008-07-18 16:49','2008-11-30 09:34',  63 );
insert into Video values ('2001-01-16 21:40','2001-02-26 13:55',  84 );
insert into Video values ('2007-01-07 12:13','2007-06-15 02:23',  4 );
insert into Video values ('2004-04-14 13:36','2004-07-30 13:13',  34 );
insert into Video values ('2013-08-04 04:53','2013-09-11 20:19',  4 );
insert into Video values ('2002-01-22 03:16','2002-12-17 18:25',  34 );
insert into Video values ('2006-01-19 03:03','2006-07-23 06:49',  33 );
insert into Video values ('2012-11-15 17:42','2013-02-12 03:27',  23 );
insert into Video values ('2014-07-16 18:35','2015-05-09 06:07',  58 );
insert into Video values ('2007-11-10 21:56','2008-07-15 11:56',  89 );
insert into Video values ('2012-10-13 06:26','2013-06-27 21:26',  80 );
insert into Video values ('2008-01-14 07:30','2008-01-23 21:39',  11 );
insert into Video values ('2013-09-19 03:13','2014-02-07 21:36',  48 );
insert into Video values ('2012-01-07 09:43','2012-02-28 16:49',  78 );
insert into Video values ('2006-10-23 09:57','2007-04-24 19:40',  57 );
insert into Video values ('2008-02-09 12:14','2009-01-15 15:19',  74 );
insert into Video values ('2003-03-13 15:09','2003-12-17 04:33',  86 );
insert into Video values ('2013-12-14 09:12','2014-11-23 04:26',  29 );
insert into Video values ('2016-08-10 23:07','2017-06-05 22:07',  7 );
insert into Video values ('2006-03-22 06:27','2006-05-11 23:29',  75 );
insert into Video values ('2002-01-10 01:50','2002-03-16 15:50',  42 );
insert into Video values ('2011-10-20 12:24','2012-10-09 10:31',  4 );
insert into Video values ('2004-02-23 12:41','2004-11-13 22:10',  65 );
insert into Video values ('2016-01-22 06:24','2016-11-13 01:37',  58 );
insert into Video values ('2006-02-28 14:36','2006-06-07 01:33',  4 );
insert into Video values ('2003-10-15 02:55','2004-07-21 10:15',  8 );
insert into Video values ('2006-09-11 12:22','2007-01-14 13:51',  83 );
insert into Video values ('2012-06-13 14:27','2012-08-27 12:45',  71 );
insert into Video values ('2014-05-24 22:40','2014-12-29 22:28',  82 );
insert into Video values ('2005-03-14 21:28','2005-11-16 08:12',  27 );
insert into Video values ('2012-06-07 17:29','2012-11-10 00:23',  73 );
insert into Video values ('2011-05-15 04:28','2011-06-17 09:15',  23 );
insert into Video values ('2011-02-16 16:59','2011-10-20 21:34',  65 );
insert into Video values ('2000-10-24 02:06','2001-08-23 00:05',  17 );
insert into Video values ('2016-05-21 00:26','2016-10-03 17:18',  39 );
insert into Video values ('2013-01-14 08:40','2013-06-26 12:51',  18 );
insert into Video values ('2010-09-02 04:54','2011-05-19 20:42',  34 );
insert into Video values ('2009-02-21 16:55','2010-02-04 11:41',  32 );
insert into Video values ('2000-05-25 06:09','2000-08-10 08:29',  65 );
insert into Video values ('2002-10-19 11:18','2003-05-15 10:04',  28 );
insert into Video values ('2016-07-08 19:15','2017-06-02 22:34',  18 );
insert into Video values ('2002-02-16 22:44','2002-08-25 16:37',  4 );
insert into Video values ('2004-06-05 02:36','2004-07-26 12:43',  34 );
insert into Video values ('2008-04-02 20:20','2008-11-18 01:43',  22 );
insert into Video values ('2003-04-07 02:18','2003-12-13 15:23',  81 );
insert into Video values ('2014-09-03 08:22','2015-01-26 13:21',  11 );
insert into Video values ('2016-02-13 14:53','2016-02-14 10:19',  44 );
insert into Video values ('2009-02-15 04:47','2009-10-20 20:32',  25 );
insert into Video values ('2001-06-28 10:39','2002-04-18 08:19',  10 );
insert into Video values ('2016-12-01 17:18','2017-09-14 18:14',  26 );
insert into Video values ('2001-04-28 09:29','2001-12-14 02:58',  78 );
insert into Video values ('2011-04-07 01:05','2011-09-29 10:29',  17 );
insert into Video values ('2018-12-09 23:15','2019-10-29 16:35',  10 );
insert into Video values ('2015-02-22 06:29','2015-04-22 20:33',  17 );
insert into Video values ('2005-03-11 09:19','2005-07-27 08:20',  27 );
insert into Video values ('2012-11-26 19:41','2013-07-22 15:21',  5 );
insert into Video values ('2013-05-12 14:19','2013-10-12 01:28',  15 );
insert into Video values ('2016-05-05 23:26','2017-01-18 18:14',  74 );
insert into Video values ('2002-11-11 00:49','2003-05-10 17:38',  85 );
insert into Video values ('2013-03-15 18:05','2013-10-01 17:11',  35 );
insert into Video values ('2018-08-15 19:00','2018-08-20 17:00', 9);

--SegmentoVideo
insert into SegmentoVideo values ( 0 , 3300, '2008-12-22 04:21', 93 );
insert into SegmentoVideo values ( 1 , 1062, '2008-12-22 04:21', 93 );
insert into SegmentoVideo values ( 2 , 2845, '2008-12-22 04:21', 93 );
insert into SegmentoVideo values ( 3 , 2196, '2008-12-22 04:21', 93 );
insert into SegmentoVideo values ( 4 , 446, '2008-12-22 04:21', 93 );
insert into SegmentoVideo values ( 0 , 3395, '2010-10-27 17:12', 66 );
insert into SegmentoVideo values ( 1 , 2868, '2010-10-27 17:12', 66 );
insert into SegmentoVideo values ( 2 , 1924, '2010-10-27 17:12', 66 );
insert into SegmentoVideo values ( 3 , 1441, '2010-10-27 17:12', 66 );
insert into SegmentoVideo values ( 4 , 632, '2010-10-27 17:12', 66 );
insert into SegmentoVideo values ( 0 , 1446, '2016-11-15 07:08', 90 );
insert into SegmentoVideo values ( 1 , 2156, '2016-11-15 07:08', 90 );
insert into SegmentoVideo values ( 2 , 2562, '2016-11-15 07:08', 90 );
insert into SegmentoVideo values ( 3 , 1901, '2016-11-15 07:08', 90 );
insert into SegmentoVideo values ( 4 , 315, '2016-11-15 07:08', 90 );
insert into SegmentoVideo values ( 0 , 2994, '2004-08-06 18:51', 23 );
insert into SegmentoVideo values ( 1 , 3341, '2004-08-06 18:51', 23 );
insert into SegmentoVideo values ( 2 , 1473, '2004-08-06 18:51', 23 );
insert into SegmentoVideo values ( 3 , 1188, '2004-08-06 18:51', 23 );
insert into SegmentoVideo values ( 4 , 38, '2004-08-06 18:51', 23 );
insert into SegmentoVideo values ( 0 , 697, '2009-01-20 01:47', 0 );
insert into SegmentoVideo values ( 1 , 1940, '2009-01-20 01:47', 0 );
insert into SegmentoVideo values ( 2 , 1732, '2009-01-20 01:47', 0 );
insert into SegmentoVideo values ( 3 , 894, '2009-01-20 01:47', 0 );
insert into SegmentoVideo values ( 4 , 2395, '2009-01-20 01:47', 0 );
insert into SegmentoVideo values ( 0 , 1383, '2010-04-26 02:06', 81 );
insert into SegmentoVideo values ( 1 , 880, '2010-04-26 02:06', 81 );
insert into SegmentoVideo values ( 2 , 2236, '2010-04-26 02:06', 81 );
insert into SegmentoVideo values ( 3 , 1004, '2010-04-26 02:06', 81 );
insert into SegmentoVideo values ( 4 , 1207, '2010-04-26 02:06', 81 );
insert into SegmentoVideo values ( 0 , 77, '2018-11-20 15:29', 7 );
insert into SegmentoVideo values ( 1 , 501, '2018-11-20 15:29', 7 );
insert into SegmentoVideo values ( 2 , 3007, '2018-11-20 15:29', 7 );
insert into SegmentoVideo values ( 3 , 1292, '2018-11-20 15:29', 7 );
insert into SegmentoVideo values ( 4 , 1120, '2018-11-20 15:29', 7 );
insert into SegmentoVideo values ( 0 , 1833, '2015-05-24 07:26', 57 );
insert into SegmentoVideo values ( 1 , 2391, '2015-05-24 07:26', 57 );
insert into SegmentoVideo values ( 2 , 3140, '2015-05-24 07:26', 57 );
insert into SegmentoVideo values ( 3 , 2576, '2015-05-24 07:26', 57 );
insert into SegmentoVideo values ( 4 , 2579, '2015-05-24 07:26', 57 );
insert into SegmentoVideo values ( 0 , 3180, '2003-01-01 12:18', 79 );
insert into SegmentoVideo values ( 1 , 247, '2003-01-01 12:18', 79 );
insert into SegmentoVideo values ( 2 , 1910, '2003-01-01 12:18', 79 );
insert into SegmentoVideo values ( 3 , 374, '2003-01-01 12:18', 79 );
insert into SegmentoVideo values ( 4 , 423, '2003-01-01 12:18', 79 );
insert into SegmentoVideo values ( 0 , 1772, '2002-02-06 13:20', 99 );
insert into SegmentoVideo values ( 1 , 299, '2002-02-06 13:20', 99 );
insert into SegmentoVideo values ( 2 , 272, '2002-02-06 13:20', 99 );
insert into SegmentoVideo values ( 3 , 2030, '2002-02-06 13:20', 99 );
insert into SegmentoVideo values ( 4 , 845, '2002-02-06 13:20', 99 );
insert into SegmentoVideo values ( 0 , 1901, '2007-06-20 08:13', 81 );
insert into SegmentoVideo values ( 1 , 272, '2007-06-20 08:13', 81 );
insert into SegmentoVideo values ( 2 , 3248, '2007-06-20 08:13', 81 );
insert into SegmentoVideo values ( 3 , 1840, '2007-06-20 08:13', 81 );
insert into SegmentoVideo values ( 4 , 3585, '2007-06-20 08:13', 81 );
insert into SegmentoVideo values ( 0 , 2935, '2012-12-13 19:09', 10 );
insert into SegmentoVideo values ( 1 , 2342, '2012-12-13 19:09', 10 );
insert into SegmentoVideo values ( 2 , 447, '2012-12-13 19:09', 10 );
insert into SegmentoVideo values ( 3 , 420, '2012-12-13 19:09', 10 );
insert into SegmentoVideo values ( 4 , 1650, '2012-12-13 19:09', 10 );
insert into SegmentoVideo values ( 0 , 1705, '2017-12-05 17:34', 12 );
insert into SegmentoVideo values ( 1 , 889, '2017-12-05 17:34', 12 );
insert into SegmentoVideo values ( 2 , 2701, '2017-12-05 17:34', 12 );
insert into SegmentoVideo values ( 3 , 1891, '2017-12-05 17:34', 12 );
insert into SegmentoVideo values ( 4 , 1296, '2017-12-05 17:34', 12 );
insert into SegmentoVideo values ( 0 , 1221, '2015-02-18 04:17', 47 );
insert into SegmentoVideo values ( 1 , 160, '2015-02-18 04:17', 47 );
insert into SegmentoVideo values ( 2 , 1133, '2015-02-18 04:17', 47 );
insert into SegmentoVideo values ( 3 , 2438, '2015-02-18 04:17', 47 );
insert into SegmentoVideo values ( 4 , 440, '2015-02-18 04:17', 47 );
insert into SegmentoVideo values ( 0 , 2488, '2008-02-04 15:56', 94 );
insert into SegmentoVideo values ( 1 , 1631, '2008-02-04 15:56', 94 );
insert into SegmentoVideo values ( 2 , 280, '2008-02-04 15:56', 94 );
insert into SegmentoVideo values ( 3 , 3237, '2008-02-04 15:56', 94 );
insert into SegmentoVideo values ( 4 , 2692, '2008-02-04 15:56', 94 );
insert into SegmentoVideo values ( 0 , 2336, '2010-11-13 17:34', 71 );
insert into SegmentoVideo values ( 1 , 2889, '2010-11-13 17:34', 71 );
insert into SegmentoVideo values ( 2 , 995, '2010-11-13 17:34', 71 );
insert into SegmentoVideo values ( 3 , 2791, '2010-11-13 17:34', 71 );
insert into SegmentoVideo values ( 4 , 1617, '2010-11-13 17:34', 71 );
insert into SegmentoVideo values ( 0 , 2410, '2003-02-28 09:18', 42 );
insert into SegmentoVideo values ( 1 , 986, '2003-02-28 09:18', 42 );
insert into SegmentoVideo values ( 2 , 1846, '2003-02-28 09:18', 42 );
insert into SegmentoVideo values ( 3 , 1382, '2003-02-28 09:18', 42 );
insert into SegmentoVideo values ( 4 , 726, '2003-02-28 09:18', 42 );
insert into SegmentoVideo values ( 0 , 2938, '2016-09-10 13:43', 7 );
insert into SegmentoVideo values ( 1 , 1255, '2016-09-10 13:43', 7 );
insert into SegmentoVideo values ( 2 , 1845, '2016-09-10 13:43', 7 );
insert into SegmentoVideo values ( 3 , 1400, '2016-09-10 13:43', 7 );
insert into SegmentoVideo values ( 4 , 380, '2016-09-10 13:43', 7 );
insert into SegmentoVideo values ( 0 , 980, '2008-10-15 09:48', 60 );
insert into SegmentoVideo values ( 1 , 2200, '2008-10-15 09:48', 60 );
insert into SegmentoVideo values ( 2 , 2457, '2008-10-15 09:48', 60 );
insert into SegmentoVideo values ( 3 , 1978, '2008-10-15 09:48', 60 );
insert into SegmentoVideo values ( 4 , 1981, '2008-10-15 09:48', 60 );
insert into SegmentoVideo values ( 0 , 3193, '2001-02-23 07:36', 88 );
insert into SegmentoVideo values ( 1 , 3329, '2001-02-23 07:36', 88 );
insert into SegmentoVideo values ( 2 , 3445, '2001-02-23 07:36', 88 );
insert into SegmentoVideo values ( 3 , 2402, '2001-02-23 07:36', 88 );
insert into SegmentoVideo values ( 4 , 2445, '2001-02-23 07:36', 88 );
insert into SegmentoVideo values ( 0 , 57, '2012-06-18 14:28', 64 );
insert into SegmentoVideo values ( 1 , 3045, '2012-06-18 14:28', 64 );
insert into SegmentoVideo values ( 2 , 857, '2012-06-18 14:28', 64 );
insert into SegmentoVideo values ( 3 , 2579, '2012-06-18 14:28', 64 );
insert into SegmentoVideo values ( 4 , 565, '2012-06-18 14:28', 64 );
insert into SegmentoVideo values ( 0 , 1769, '2018-07-03 04:01', 59 );
insert into SegmentoVideo values ( 1 , 1009, '2018-07-03 04:01', 59 );
insert into SegmentoVideo values ( 2 , 3352, '2018-07-03 04:01', 59 );
insert into SegmentoVideo values ( 3 , 493, '2018-07-03 04:01', 59 );
insert into SegmentoVideo values ( 4 , 2672, '2018-07-03 04:01', 59 );
insert into SegmentoVideo values ( 0 , 3497, '2000-04-28 13:05', 46 );
insert into SegmentoVideo values ( 1 , 2608, '2000-04-28 13:05', 46 );
insert into SegmentoVideo values ( 2 , 1380, '2000-04-28 13:05', 46 );
insert into SegmentoVideo values ( 3 , 561, '2000-04-28 13:05', 46 );
insert into SegmentoVideo values ( 4 , 2156, '2000-04-28 13:05', 46 );
insert into SegmentoVideo values ( 0 , 1630, '2012-06-20 11:28', 77 );
insert into SegmentoVideo values ( 1 , 1884, '2012-06-20 11:28', 77 );
insert into SegmentoVideo values ( 2 , 2109, '2012-06-20 11:28', 77 );
insert into SegmentoVideo values ( 3 , 1161, '2012-06-20 11:28', 77 );
insert into SegmentoVideo values ( 4 , 1987, '2012-06-20 11:28', 77 );
insert into SegmentoVideo values ( 0 , 694, '2007-02-24 22:30', 95 );
insert into SegmentoVideo values ( 1 , 2151, '2007-02-24 22:30', 95 );
insert into SegmentoVideo values ( 2 , 956, '2007-02-24 22:30', 95 );
insert into SegmentoVideo values ( 3 , 1576, '2007-02-24 22:30', 95 );
insert into SegmentoVideo values ( 4 , 3244, '2007-02-24 22:30', 95 );
insert into SegmentoVideo values ( 0 , 1592, '2010-09-23 09:10', 25 );
insert into SegmentoVideo values ( 1 , 2701, '2010-09-23 09:10', 25 );
insert into SegmentoVideo values ( 2 , 2193, '2010-09-23 09:10', 25 );
insert into SegmentoVideo values ( 3 , 2125, '2010-09-23 09:10', 25 );
insert into SegmentoVideo values ( 4 , 2145, '2010-09-23 09:10', 25 );
insert into SegmentoVideo values ( 0 , 2953, '2016-10-22 19:46', 75 );
insert into SegmentoVideo values ( 1 , 3118, '2016-10-22 19:46', 75 );
insert into SegmentoVideo values ( 2 , 388, '2016-10-22 19:46', 75 );
insert into SegmentoVideo values ( 3 , 2937, '2016-10-22 19:46', 75 );
insert into SegmentoVideo values ( 4 , 3178, '2016-10-22 19:46', 75 );
insert into SegmentoVideo values ( 0 , 1668, '2017-04-07 22:08', 78 );
insert into SegmentoVideo values ( 1 , 1625, '2017-04-07 22:08', 78 );
insert into SegmentoVideo values ( 2 , 510, '2017-04-07 22:08', 78 );
insert into SegmentoVideo values ( 3 , 2666, '2017-04-07 22:08', 78 );
insert into SegmentoVideo values ( 4 , 555, '2017-04-07 22:08', 78 );
insert into SegmentoVideo values ( 0 , 1991, '2003-11-04 18:34', 23 );
insert into SegmentoVideo values ( 1 , 2557, '2003-11-04 18:34', 23 );
insert into SegmentoVideo values ( 2 , 1987, '2003-11-04 18:34', 23 );
insert into SegmentoVideo values ( 3 , 1634, '2003-11-04 18:34', 23 );
insert into SegmentoVideo values ( 4 , 593, '2003-11-04 18:34', 23 );
insert into SegmentoVideo values ( 0 , 1244, '2013-12-01 01:21', 9 );
insert into SegmentoVideo values ( 1 , 1899, '2013-12-01 01:21', 9 );
insert into SegmentoVideo values ( 2 , 1459, '2013-12-01 01:21', 9 );
insert into SegmentoVideo values ( 3 , 872, '2013-12-01 01:21', 9 );
insert into SegmentoVideo values ( 4 , 2800, '2013-12-01 01:21', 9 );
insert into SegmentoVideo values ( 0 , 2730, '2000-12-17 05:35', 36 );
insert into SegmentoVideo values ( 1 , 1352, '2000-12-17 05:35', 36 );
insert into SegmentoVideo values ( 2 , 2811, '2000-12-17 05:35', 36 );
insert into SegmentoVideo values ( 3 , 2439, '2000-12-17 05:35', 36 );
insert into SegmentoVideo values ( 4 , 2016, '2000-12-17 05:35', 36 );
insert into SegmentoVideo values ( 0 , 3386, '2008-02-21 09:58', 69 );
insert into SegmentoVideo values ( 1 , 395, '2008-02-21 09:58', 69 );
insert into SegmentoVideo values ( 2 , 2421, '2008-02-21 09:58', 69 );
insert into SegmentoVideo values ( 3 , 2792, '2008-02-21 09:58', 69 );
insert into SegmentoVideo values ( 4 , 2932, '2008-02-21 09:58', 69 );
insert into SegmentoVideo values ( 0 , 1591, '2000-10-16 17:26', 21 );
insert into SegmentoVideo values ( 1 , 423, '2000-10-16 17:26', 21 );
insert into SegmentoVideo values ( 2 , 2989, '2000-10-16 17:26', 21 );
insert into SegmentoVideo values ( 3 , 2428, '2000-10-16 17:26', 21 );
insert into SegmentoVideo values ( 4 , 3206, '2000-10-16 17:26', 21 );
insert into SegmentoVideo values ( 0 , 1401, '2008-06-21 18:11', 1 );
insert into SegmentoVideo values ( 1 , 2927, '2008-06-21 18:11', 1 );
insert into SegmentoVideo values ( 2 , 2951, '2008-06-21 18:11', 1 );
insert into SegmentoVideo values ( 3 , 2926, '2008-06-21 18:11', 1 );
insert into SegmentoVideo values ( 4 , 3034, '2008-06-21 18:11', 1 );
insert into SegmentoVideo values ( 0 , 1726, '2007-03-23 22:49', 79 );
insert into SegmentoVideo values ( 1 , 1197, '2007-03-23 22:49', 79 );
insert into SegmentoVideo values ( 2 , 1926, '2007-03-23 22:49', 79 );
insert into SegmentoVideo values ( 3 , 1060, '2007-03-23 22:49', 79 );
insert into SegmentoVideo values ( 4 , 2217, '2007-03-23 22:49', 79 );
insert into SegmentoVideo values ( 0 , 2461, '2005-06-17 12:50', 69 );
insert into SegmentoVideo values ( 1 , 2813, '2005-06-17 12:50', 69 );
insert into SegmentoVideo values ( 2 , 996, '2005-06-17 12:50', 69 );
insert into SegmentoVideo values ( 3 , 509, '2005-06-17 12:50', 69 );
insert into SegmentoVideo values ( 4 , 1902, '2005-06-17 12:50', 69 );
insert into SegmentoVideo values ( 0 , 3412, '2011-04-28 22:07', 59 );
insert into SegmentoVideo values ( 1 , 1367, '2011-04-28 22:07', 59 );
insert into SegmentoVideo values ( 2 , 618, '2011-04-28 22:07', 59 );
insert into SegmentoVideo values ( 3 , 441, '2011-04-28 22:07', 59 );
insert into SegmentoVideo values ( 4 , 1371, '2011-04-28 22:07', 59 );
insert into SegmentoVideo values ( 0 , 2415, '2014-10-20 18:47', 24 );
insert into SegmentoVideo values ( 1 , 3403, '2014-10-20 18:47', 24 );
insert into SegmentoVideo values ( 2 , 887, '2014-10-20 18:47', 24 );
insert into SegmentoVideo values ( 3 , 3566, '2014-10-20 18:47', 24 );
insert into SegmentoVideo values ( 4 , 2421, '2014-10-20 18:47', 24 );
insert into SegmentoVideo values ( 0 , 2239, '2004-10-03 18:30', 78 );
insert into SegmentoVideo values ( 1 , 1996, '2004-10-03 18:30', 78 );
insert into SegmentoVideo values ( 2 , 3160, '2004-10-03 18:30', 78 );
insert into SegmentoVideo values ( 3 , 385, '2004-10-03 18:30', 78 );
insert into SegmentoVideo values ( 4 , 1695, '2004-10-03 18:30', 78 );
insert into SegmentoVideo values ( 0 , 1569, '2017-04-13 08:16', 24 );
insert into SegmentoVideo values ( 1 , 807, '2017-04-13 08:16', 24 );
insert into SegmentoVideo values ( 2 , 344, '2017-04-13 08:16', 24 );
insert into SegmentoVideo values ( 3 , 3054, '2017-04-13 08:16', 24 );
insert into SegmentoVideo values ( 4 , 1582, '2017-04-13 08:16', 24 );
insert into SegmentoVideo values ( 0 , 2805, '2008-07-18 16:49', 63 );
insert into SegmentoVideo values ( 1 , 1601, '2008-07-18 16:49', 63 );
insert into SegmentoVideo values ( 2 , 1654, '2008-07-18 16:49', 63 );
insert into SegmentoVideo values ( 3 , 511, '2008-07-18 16:49', 63 );
insert into SegmentoVideo values ( 4 , 1895, '2008-07-18 16:49', 63 );
insert into SegmentoVideo values ( 0 , 909, '2001-01-16 21:40', 84 );
insert into SegmentoVideo values ( 1 , 654, '2001-01-16 21:40', 84 );
insert into SegmentoVideo values ( 2 , 1823, '2001-01-16 21:40', 84 );
insert into SegmentoVideo values ( 3 , 1046, '2001-01-16 21:40', 84 );
insert into SegmentoVideo values ( 4 , 1232, '2001-01-16 21:40', 84 );
insert into SegmentoVideo values ( 0 , 2884, '2007-01-07 12:13', 4 );
insert into SegmentoVideo values ( 1 , 68, '2007-01-07 12:13', 4 );
insert into SegmentoVideo values ( 2 , 2966, '2007-01-07 12:13', 4 );
insert into SegmentoVideo values ( 3 , 2283, '2007-01-07 12:13', 4 );
insert into SegmentoVideo values ( 4 , 2979, '2007-01-07 12:13', 4 );
insert into SegmentoVideo values ( 0 , 3185, '2004-04-14 13:36', 34 );
insert into SegmentoVideo values ( 1 , 928, '2004-04-14 13:36', 34 );
insert into SegmentoVideo values ( 2 , 809, '2004-04-14 13:36', 34 );
insert into SegmentoVideo values ( 3 , 202, '2004-04-14 13:36', 34 );
insert into SegmentoVideo values ( 4 , 3540, '2004-04-14 13:36', 34 );
insert into SegmentoVideo values ( 0 , 2194, '2013-08-04 04:53', 4 );
insert into SegmentoVideo values ( 1 , 3352, '2013-08-04 04:53', 4 );
insert into SegmentoVideo values ( 2 , 1226, '2013-08-04 04:53', 4 );
insert into SegmentoVideo values ( 3 , 1389, '2013-08-04 04:53', 4 );
insert into SegmentoVideo values ( 4 , 2806, '2013-08-04 04:53', 4 );
insert into SegmentoVideo values ( 0 , 287, '2002-01-22 03:16', 34 );
insert into SegmentoVideo values ( 1 , 2560, '2002-01-22 03:16', 34 );
insert into SegmentoVideo values ( 2 , 256, '2002-01-22 03:16', 34 );
insert into SegmentoVideo values ( 3 , 2065, '2002-01-22 03:16', 34 );
insert into SegmentoVideo values ( 4 , 1142, '2002-01-22 03:16', 34 );
insert into SegmentoVideo values ( 0 , 1093, '2006-01-19 03:03', 33 );
insert into SegmentoVideo values ( 1 , 2311, '2006-01-19 03:03', 33 );
insert into SegmentoVideo values ( 2 , 3536, '2006-01-19 03:03', 33 );
insert into SegmentoVideo values ( 3 , 3219, '2006-01-19 03:03', 33 );
insert into SegmentoVideo values ( 4 , 1875, '2006-01-19 03:03', 33 );
insert into SegmentoVideo values ( 0 , 1636, '2012-11-15 17:42', 23 );
insert into SegmentoVideo values ( 1 , 2671, '2012-11-15 17:42', 23 );
insert into SegmentoVideo values ( 2 , 2647, '2012-11-15 17:42', 23 );
insert into SegmentoVideo values ( 3 , 3278, '2012-11-15 17:42', 23 );
insert into SegmentoVideo values ( 4 , 3031, '2012-11-15 17:42', 23 );
insert into SegmentoVideo values ( 0 , 2077, '2014-07-16 18:35', 58 );
insert into SegmentoVideo values ( 1 , 1773, '2014-07-16 18:35', 58 );
insert into SegmentoVideo values ( 2 , 2833, '2014-07-16 18:35', 58 );
insert into SegmentoVideo values ( 3 , 3207, '2014-07-16 18:35', 58 );
insert into SegmentoVideo values ( 4 , 2636, '2014-07-16 18:35', 58 );
insert into SegmentoVideo values ( 0 , 1481, '2007-11-10 21:56', 89 );
insert into SegmentoVideo values ( 1 , 213, '2007-11-10 21:56', 89 );
insert into SegmentoVideo values ( 2 , 3526, '2007-11-10 21:56', 89 );
insert into SegmentoVideo values ( 3 , 521, '2007-11-10 21:56', 89 );
insert into SegmentoVideo values ( 4 , 3136, '2007-11-10 21:56', 89 );
insert into SegmentoVideo values ( 0 , 2615, '2012-10-13 06:26', 80 );
insert into SegmentoVideo values ( 1 , 2844, '2012-10-13 06:26', 80 );
insert into SegmentoVideo values ( 2 , 2337, '2012-10-13 06:26', 80 );
insert into SegmentoVideo values ( 3 , 1657, '2012-10-13 06:26', 80 );
insert into SegmentoVideo values ( 4 , 1157, '2012-10-13 06:26', 80 );
insert into SegmentoVideo values ( 0 , 3555, '2008-01-14 07:30', 11 );
insert into SegmentoVideo values ( 1 , 3434, '2008-01-14 07:30', 11 );
insert into SegmentoVideo values ( 2 , 138, '2008-01-14 07:30', 11 );
insert into SegmentoVideo values ( 3 , 1344, '2008-01-14 07:30', 11 );
insert into SegmentoVideo values ( 4 , 1782, '2008-01-14 07:30', 11 );
insert into SegmentoVideo values ( 0 , 2441, '2013-09-19 03:13', 48 );
insert into SegmentoVideo values ( 1 , 3005, '2013-09-19 03:13', 48 );
insert into SegmentoVideo values ( 2 , 1048, '2013-09-19 03:13', 48 );
insert into SegmentoVideo values ( 3 , 1279, '2013-09-19 03:13', 48 );
insert into SegmentoVideo values ( 4 , 382, '2013-09-19 03:13', 48 );
insert into SegmentoVideo values ( 0 , 3259, '2012-01-07 09:43', 78 );
insert into SegmentoVideo values ( 1 , 2624, '2012-01-07 09:43', 78 );
insert into SegmentoVideo values ( 2 , 1819, '2012-01-07 09:43', 78 );
insert into SegmentoVideo values ( 3 , 286, '2012-01-07 09:43', 78 );
insert into SegmentoVideo values ( 4 , 543, '2012-01-07 09:43', 78 );
insert into SegmentoVideo values ( 0 , 2696, '2006-10-23 09:57', 57 );
insert into SegmentoVideo values ( 1 , 2630, '2006-10-23 09:57', 57 );
insert into SegmentoVideo values ( 2 , 2994, '2006-10-23 09:57', 57 );
insert into SegmentoVideo values ( 3 , 3592, '2006-10-23 09:57', 57 );
insert into SegmentoVideo values ( 4 , 1173, '2006-10-23 09:57', 57 );
insert into SegmentoVideo values ( 0 , 528, '2008-02-09 12:14', 74 );
insert into SegmentoVideo values ( 1 , 1090, '2008-02-09 12:14', 74 );
insert into SegmentoVideo values ( 2 , 2696, '2008-02-09 12:14', 74 );
insert into SegmentoVideo values ( 3 , 465, '2008-02-09 12:14', 74 );
insert into SegmentoVideo values ( 4 , 3131, '2008-02-09 12:14', 74 );
insert into SegmentoVideo values ( 0 , 567, '2003-03-13 15:09', 86 );
insert into SegmentoVideo values ( 1 , 496, '2003-03-13 15:09', 86 );
insert into SegmentoVideo values ( 2 , 2994, '2003-03-13 15:09', 86 );
insert into SegmentoVideo values ( 3 , 650, '2003-03-13 15:09', 86 );
insert into SegmentoVideo values ( 4 , 117, '2003-03-13 15:09', 86 );
insert into SegmentoVideo values ( 0 , 2442, '2013-12-14 09:12', 29 );
insert into SegmentoVideo values ( 1 , 1422, '2013-12-14 09:12', 29 );
insert into SegmentoVideo values ( 2 , 1249, '2013-12-14 09:12', 29 );
insert into SegmentoVideo values ( 3 , 1921, '2013-12-14 09:12', 29 );
insert into SegmentoVideo values ( 4 , 1010, '2013-12-14 09:12', 29 );
insert into SegmentoVideo values ( 0 , 1911, '2016-08-10 23:07', 7 );
insert into SegmentoVideo values ( 1 , 1297, '2016-08-10 23:07', 7 );
insert into SegmentoVideo values ( 2 , 3023, '2016-08-10 23:07', 7 );
insert into SegmentoVideo values ( 3 , 1405, '2016-08-10 23:07', 7 );
insert into SegmentoVideo values ( 4 , 3408, '2016-08-10 23:07', 7 );
insert into SegmentoVideo values ( 0 , 32, '2006-03-22 06:27', 75 );
insert into SegmentoVideo values ( 1 , 3147, '2006-03-22 06:27', 75 );
insert into SegmentoVideo values ( 2 , 2868, '2006-03-22 06:27', 75 );
insert into SegmentoVideo values ( 3 , 3042, '2006-03-22 06:27', 75 );
insert into SegmentoVideo values ( 4 , 45, '2006-03-22 06:27', 75 );
insert into SegmentoVideo values ( 0 , 1314, '2002-01-10 01:50', 42 );
insert into SegmentoVideo values ( 1 , 3229, '2002-01-10 01:50', 42 );
insert into SegmentoVideo values ( 2 , 2934, '2002-01-10 01:50', 42 );
insert into SegmentoVideo values ( 3 , 1017, '2002-01-10 01:50', 42 );
insert into SegmentoVideo values ( 4 , 2819, '2002-01-10 01:50', 42 );
insert into SegmentoVideo values ( 0 , 389, '2011-10-20 12:24', 4 );
insert into SegmentoVideo values ( 1 , 521, '2011-10-20 12:24', 4 );
insert into SegmentoVideo values ( 2 , 310, '2011-10-20 12:24', 4 );
insert into SegmentoVideo values ( 3 , 2905, '2011-10-20 12:24', 4 );
insert into SegmentoVideo values ( 4 , 2215, '2011-10-20 12:24', 4 );
insert into SegmentoVideo values ( 0 , 1946, '2004-02-23 12:41', 65 );
insert into SegmentoVideo values ( 1 , 3046, '2004-02-23 12:41', 65 );
insert into SegmentoVideo values ( 2 , 2051, '2004-02-23 12:41', 65 );
insert into SegmentoVideo values ( 3 , 2238, '2004-02-23 12:41', 65 );
insert into SegmentoVideo values ( 4 , 1192, '2004-02-23 12:41', 65 );
insert into SegmentoVideo values ( 0 , 2304, '2016-01-22 06:24', 58 );
insert into SegmentoVideo values ( 1 , 1698, '2016-01-22 06:24', 58 );
insert into SegmentoVideo values ( 2 , 3265, '2016-01-22 06:24', 58 );
insert into SegmentoVideo values ( 3 , 2120, '2016-01-22 06:24', 58 );
insert into SegmentoVideo values ( 4 , 1072, '2016-01-22 06:24', 58 );
insert into SegmentoVideo values ( 0 , 1806, '2006-02-28 14:36', 4 );
insert into SegmentoVideo values ( 1 , 1873, '2006-02-28 14:36', 4 );
insert into SegmentoVideo values ( 2 , 2192, '2006-02-28 14:36', 4 );
insert into SegmentoVideo values ( 3 , 2154, '2006-02-28 14:36', 4 );
insert into SegmentoVideo values ( 4 , 778, '2006-02-28 14:36', 4 );
insert into SegmentoVideo values ( 0 , 1555, '2003-10-15 02:55', 8 );
insert into SegmentoVideo values ( 1 , 2520, '2003-10-15 02:55', 8 );
insert into SegmentoVideo values ( 2 , 1023, '2003-10-15 02:55', 8 );
insert into SegmentoVideo values ( 3 , 1104, '2003-10-15 02:55', 8 );
insert into SegmentoVideo values ( 4 , 1646, '2003-10-15 02:55', 8 );
insert into SegmentoVideo values ( 0 , 2187, '2006-09-11 12:22', 83 );
insert into SegmentoVideo values ( 1 , 1300, '2006-09-11 12:22', 83 );
insert into SegmentoVideo values ( 2 , 3081, '2006-09-11 12:22', 83 );
insert into SegmentoVideo values ( 3 , 929, '2006-09-11 12:22', 83 );
insert into SegmentoVideo values ( 4 , 45, '2006-09-11 12:22', 83 );
insert into SegmentoVideo values ( 0 , 715, '2012-06-13 14:27', 71 );
insert into SegmentoVideo values ( 1 , 324, '2012-06-13 14:27', 71 );
insert into SegmentoVideo values ( 2 , 1524, '2012-06-13 14:27', 71 );
insert into SegmentoVideo values ( 3 , 1285, '2012-06-13 14:27', 71 );
insert into SegmentoVideo values ( 4 , 504, '2012-06-13 14:27', 71 );
insert into SegmentoVideo values ( 0 , 2022, '2014-05-24 22:40', 82 );
insert into SegmentoVideo values ( 1 , 380, '2014-05-24 22:40', 82 );
insert into SegmentoVideo values ( 2 , 44, '2014-05-24 22:40', 82 );
insert into SegmentoVideo values ( 3 , 2584, '2014-05-24 22:40', 82 );
insert into SegmentoVideo values ( 4 , 144, '2014-05-24 22:40', 82 );
insert into SegmentoVideo values ( 0 , 3573, '2005-03-14 21:28', 27 );
insert into SegmentoVideo values ( 1 , 2763, '2005-03-14 21:28', 27 );
insert into SegmentoVideo values ( 2 , 2174, '2005-03-14 21:28', 27 );
insert into SegmentoVideo values ( 3 , 791, '2005-03-14 21:28', 27 );
insert into SegmentoVideo values ( 4 , 650, '2005-03-14 21:28', 27 );
insert into SegmentoVideo values ( 0 , 3091, '2012-06-07 17:29', 73 );
insert into SegmentoVideo values ( 1 , 3038, '2012-06-07 17:29', 73 );
insert into SegmentoVideo values ( 2 , 1679, '2012-06-07 17:29', 73 );
insert into SegmentoVideo values ( 3 , 427, '2012-06-07 17:29', 73 );
insert into SegmentoVideo values ( 4 , 153, '2012-06-07 17:29', 73 );
insert into SegmentoVideo values ( 0 , 934, '2011-05-15 04:28', 23 );
insert into SegmentoVideo values ( 1 , 2140, '2011-05-15 04:28', 23 );
insert into SegmentoVideo values ( 2 , 3452, '2011-05-15 04:28', 23 );
insert into SegmentoVideo values ( 3 , 1077, '2011-05-15 04:28', 23 );
insert into SegmentoVideo values ( 4 , 573, '2011-05-15 04:28', 23 );
insert into SegmentoVideo values ( 0 , 841, '2011-02-16 16:59', 65 );
insert into SegmentoVideo values ( 1 , 38, '2011-02-16 16:59', 65 );
insert into SegmentoVideo values ( 2 , 423, '2011-02-16 16:59', 65 );
insert into SegmentoVideo values ( 3 , 183, '2011-02-16 16:59', 65 );
insert into SegmentoVideo values ( 4 , 2418, '2011-02-16 16:59', 65 );
insert into SegmentoVideo values ( 0 , 1119, '2000-10-24 02:06', 17 );
insert into SegmentoVideo values ( 1 , 1874, '2000-10-24 02:06', 17 );
insert into SegmentoVideo values ( 2 , 467, '2000-10-24 02:06', 17 );
insert into SegmentoVideo values ( 3 , 881, '2000-10-24 02:06', 17 );
insert into SegmentoVideo values ( 4 , 1541, '2000-10-24 02:06', 17 );
insert into SegmentoVideo values ( 0 , 2166, '2016-05-21 00:26', 39 );
insert into SegmentoVideo values ( 1 , 1439, '2016-05-21 00:26', 39 );
insert into SegmentoVideo values ( 2 , 1614, '2016-05-21 00:26', 39 );
insert into SegmentoVideo values ( 3 , 747, '2016-05-21 00:26', 39 );
insert into SegmentoVideo values ( 4 , 1100, '2016-05-21 00:26', 39 );
insert into SegmentoVideo values ( 0 , 365, '2013-01-14 08:40', 18 );
insert into SegmentoVideo values ( 1 , 3048, '2013-01-14 08:40', 18 );
insert into SegmentoVideo values ( 2 , 1846, '2013-01-14 08:40', 18 );
insert into SegmentoVideo values ( 3 , 2430, '2013-01-14 08:40', 18 );
insert into SegmentoVideo values ( 4 , 873, '2013-01-14 08:40', 18 );
insert into SegmentoVideo values ( 0 , 2544, '2010-09-02 04:54', 34 );
insert into SegmentoVideo values ( 1 , 910, '2010-09-02 04:54', 34 );
insert into SegmentoVideo values ( 2 , 555, '2010-09-02 04:54', 34 );
insert into SegmentoVideo values ( 3 , 3067, '2010-09-02 04:54', 34 );
insert into SegmentoVideo values ( 4 , 169, '2010-09-02 04:54', 34 );
insert into SegmentoVideo values ( 0 , 2908, '2009-02-21 16:55', 32 );
insert into SegmentoVideo values ( 1 , 56, '2009-02-21 16:55', 32 );
insert into SegmentoVideo values ( 2 , 1682, '2009-02-21 16:55', 32 );
insert into SegmentoVideo values ( 3 , 3547, '2009-02-21 16:55', 32 );
insert into SegmentoVideo values ( 4 , 2575, '2009-02-21 16:55', 32 );
insert into SegmentoVideo values ( 0 , 3192, '2000-05-25 06:09', 65 );
insert into SegmentoVideo values ( 1 , 606, '2000-05-25 06:09', 65 );
insert into SegmentoVideo values ( 2 , 176, '2000-05-25 06:09', 65 );
insert into SegmentoVideo values ( 3 , 1315, '2000-05-25 06:09', 65 );
insert into SegmentoVideo values ( 4 , 676, '2000-05-25 06:09', 65 );
insert into SegmentoVideo values ( 0 , 577, '2002-10-19 11:18', 28 );
insert into SegmentoVideo values ( 1 , 2013, '2002-10-19 11:18', 28 );
insert into SegmentoVideo values ( 2 , 3168, '2002-10-19 11:18', 28 );
insert into SegmentoVideo values ( 3 , 1273, '2002-10-19 11:18', 28 );
insert into SegmentoVideo values ( 4 , 856, '2002-10-19 11:18', 28 );
insert into SegmentoVideo values ( 0 , 1306, '2016-07-08 19:15', 18 );
insert into SegmentoVideo values ( 1 , 1074, '2016-07-08 19:15', 18 );
insert into SegmentoVideo values ( 2 , 1120, '2016-07-08 19:15', 18 );
insert into SegmentoVideo values ( 3 , 1247, '2016-07-08 19:15', 18 );
insert into SegmentoVideo values ( 4 , 2020, '2016-07-08 19:15', 18 );
insert into SegmentoVideo values ( 0 , 1906, '2002-02-16 22:44', 4 );
insert into SegmentoVideo values ( 1 , 3127, '2002-02-16 22:44', 4 );
insert into SegmentoVideo values ( 2 , 3003, '2002-02-16 22:44', 4 );
insert into SegmentoVideo values ( 3 , 2346, '2002-02-16 22:44', 4 );
insert into SegmentoVideo values ( 4 , 1500, '2002-02-16 22:44', 4 );
insert into SegmentoVideo values ( 0 , 2585, '2004-06-05 02:36', 34 );
insert into SegmentoVideo values ( 1 , 2819, '2004-06-05 02:36', 34 );
insert into SegmentoVideo values ( 2 , 1795, '2004-06-05 02:36', 34 );
insert into SegmentoVideo values ( 3 , 2942, '2004-06-05 02:36', 34 );
insert into SegmentoVideo values ( 4 , 2426, '2004-06-05 02:36', 34 );
insert into SegmentoVideo values ( 0 , 126, '2008-04-02 20:20', 22 );
insert into SegmentoVideo values ( 1 , 322, '2008-04-02 20:20', 22 );
insert into SegmentoVideo values ( 2 , 1352, '2008-04-02 20:20', 22 );
insert into SegmentoVideo values ( 3 , 1015, '2008-04-02 20:20', 22 );
insert into SegmentoVideo values ( 4 , 1226, '2008-04-02 20:20', 22 );
insert into SegmentoVideo values ( 0 , 3524, '2003-04-07 02:18', 81 );
insert into SegmentoVideo values ( 1 , 179, '2003-04-07 02:18', 81 );
insert into SegmentoVideo values ( 2 , 902, '2003-04-07 02:18', 81 );
insert into SegmentoVideo values ( 3 , 323, '2003-04-07 02:18', 81 );
insert into SegmentoVideo values ( 4 , 70, '2003-04-07 02:18', 81 );
insert into SegmentoVideo values ( 0 , 1310, '2014-09-03 08:22', 11 );
insert into SegmentoVideo values ( 1 , 1468, '2014-09-03 08:22', 11 );
insert into SegmentoVideo values ( 2 , 107, '2014-09-03 08:22', 11 );
insert into SegmentoVideo values ( 3 , 1966, '2014-09-03 08:22', 11 );
insert into SegmentoVideo values ( 4 , 2460, '2014-09-03 08:22', 11 );
insert into SegmentoVideo values ( 0 , 2976, '2016-02-13 14:53', 44 );
insert into SegmentoVideo values ( 1 , 1805, '2016-02-13 14:53', 44 );
insert into SegmentoVideo values ( 2 , 3578, '2016-02-13 14:53', 44 );
insert into SegmentoVideo values ( 3 , 3241, '2016-02-13 14:53', 44 );
insert into SegmentoVideo values ( 4 , 1385, '2016-02-13 14:53', 44 );
insert into SegmentoVideo values ( 0 , 1308, '2009-02-15 04:47', 25 );
insert into SegmentoVideo values ( 1 , 128, '2009-02-15 04:47', 25 );
insert into SegmentoVideo values ( 2 , 1523, '2009-02-15 04:47', 25 );
insert into SegmentoVideo values ( 3 , 394, '2009-02-15 04:47', 25 );
insert into SegmentoVideo values ( 4 , 2395, '2009-02-15 04:47', 25 );
insert into SegmentoVideo values ( 0 , 1641, '2001-06-28 10:39', 10 );
insert into SegmentoVideo values ( 1 , 758, '2001-06-28 10:39', 10 );
insert into SegmentoVideo values ( 2 , 3191, '2001-06-28 10:39', 10 );
insert into SegmentoVideo values ( 3 , 1378, '2001-06-28 10:39', 10 );
insert into SegmentoVideo values ( 4 , 2894, '2001-06-28 10:39', 10 );
insert into SegmentoVideo values ( 0 , 47, '2016-12-01 17:18', 26 );
insert into SegmentoVideo values ( 1 , 1906, '2016-12-01 17:18', 26 );
insert into SegmentoVideo values ( 2 , 750, '2016-12-01 17:18', 26 );
insert into SegmentoVideo values ( 3 , 1579, '2016-12-01 17:18', 26 );
insert into SegmentoVideo values ( 4 , 1062, '2016-12-01 17:18', 26 );
insert into SegmentoVideo values ( 0 , 3194, '2001-04-28 09:29', 78 );
insert into SegmentoVideo values ( 1 , 2580, '2001-04-28 09:29', 78 );
insert into SegmentoVideo values ( 2 , 1681, '2001-04-28 09:29', 78 );
insert into SegmentoVideo values ( 3 , 793, '2001-04-28 09:29', 78 );
insert into SegmentoVideo values ( 4 , 789, '2001-04-28 09:29', 78 );
insert into SegmentoVideo values ( 0 , 2210, '2011-04-07 01:05', 17 );
insert into SegmentoVideo values ( 1 , 2496, '2011-04-07 01:05', 17 );
insert into SegmentoVideo values ( 2 , 850, '2011-04-07 01:05', 17 );
insert into SegmentoVideo values ( 3 , 1095, '2011-04-07 01:05', 17 );
insert into SegmentoVideo values ( 4 , 338, '2011-04-07 01:05', 17 );
insert into SegmentoVideo values ( 0 , 969, '2018-12-09 23:15', 10 );
insert into SegmentoVideo values ( 1 , 3015, '2018-12-09 23:15', 10 );
insert into SegmentoVideo values ( 2 , 872, '2018-12-09 23:15', 10 );
insert into SegmentoVideo values ( 3 , 2178, '2018-12-09 23:15', 10 );
insert into SegmentoVideo values ( 4 , 1575, '2018-12-09 23:15', 10 );
insert into SegmentoVideo values ( 0 , 125, '2015-02-22 06:29', 17 );
insert into SegmentoVideo values ( 1 , 3043, '2015-02-22 06:29', 17 );
insert into SegmentoVideo values ( 2 , 2666, '2015-02-22 06:29', 17 );
insert into SegmentoVideo values ( 3 , 2201, '2015-02-22 06:29', 17 );
insert into SegmentoVideo values ( 4 , 2161, '2015-02-22 06:29', 17 );
insert into SegmentoVideo values ( 0 , 879, '2005-03-11 09:19', 27 );
insert into SegmentoVideo values ( 1 , 701, '2005-03-11 09:19', 27 );
insert into SegmentoVideo values ( 2 , 932, '2005-03-11 09:19', 27 );
insert into SegmentoVideo values ( 3 , 431, '2005-03-11 09:19', 27 );
insert into SegmentoVideo values ( 4 , 461, '2005-03-11 09:19', 27 );
insert into SegmentoVideo values ( 0 , 2303, '2012-11-26 19:41', 5 );
insert into SegmentoVideo values ( 1 , 3345, '2012-11-26 19:41', 5 );
insert into SegmentoVideo values ( 2 , 1700, '2012-11-26 19:41', 5 );
insert into SegmentoVideo values ( 3 , 825, '2012-11-26 19:41', 5 );
insert into SegmentoVideo values ( 4 , 2325, '2012-11-26 19:41', 5 );
insert into SegmentoVideo values ( 0 , 484, '2013-05-12 14:19', 15 );
insert into SegmentoVideo values ( 1 , 1854, '2013-05-12 14:19', 15 );
insert into SegmentoVideo values ( 2 , 114, '2013-05-12 14:19', 15 );
insert into SegmentoVideo values ( 3 , 1222, '2013-05-12 14:19', 15 );
insert into SegmentoVideo values ( 4 , 671, '2013-05-12 14:19', 15 );
insert into SegmentoVideo values ( 0 , 298, '2016-05-05 23:26', 74 );
insert into SegmentoVideo values ( 1 , 1805, '2016-05-05 23:26', 74 );
insert into SegmentoVideo values ( 2 , 2966, '2016-05-05 23:26', 74 );
insert into SegmentoVideo values ( 3 , 3237, '2016-05-05 23:26', 74 );
insert into SegmentoVideo values ( 4 , 2603, '2016-05-05 23:26', 74 );
insert into SegmentoVideo values ( 0 , 1625, '2002-11-11 00:49', 85 );
insert into SegmentoVideo values ( 1 , 2027, '2002-11-11 00:49', 85 );
insert into SegmentoVideo values ( 2 , 693, '2002-11-11 00:49', 85 );
insert into SegmentoVideo values ( 3 , 402, '2002-11-11 00:49', 85 );
insert into SegmentoVideo values ( 4 , 1751, '2002-11-11 00:49', 85 );
insert into SegmentoVideo values ( 0 , 3382, '2013-03-15 18:05', 35 );
insert into SegmentoVideo values ( 1 , 3137, '2013-03-15 18:05', 35 );
insert into SegmentoVideo values ( 2 , 2579, '2013-03-15 18:05', 35 );
insert into SegmentoVideo values ( 3 , 1234, '2013-03-15 18:05', 35 );
insert into SegmentoVideo values ( 4 , 1905, '2013-03-15 18:05', 35 );
insert into SegmentoVideo values( 0, 1500, '2018-08-15 19:00', 9);
insert into SegmentoVideo values( 1, 44, '2018-08-15 19:00', 9);
insert into SegmentoVideo values( 2, 75, '2018-08-15 19:00', 9);
insert into SegmentoVideo values( 3, 59, '2018-08-15 19:00', 9);
insert into SegmentoVideo values( 4, 1500, '2018-08-15 19:00', 9);

--Local
insert into Locais values ('Lagos');
insert into Locais values ('Guimaraes');
insert into Locais values ('Olhao');
insert into Locais values ('Sao Joao da Madeira');
insert into Locais values ('Amares');
insert into Locais values ('Marvao');
insert into Locais values ('Rio Maior');
insert into Locais values ('Lousada');
insert into Locais values ('Montemor-o-Velho');
insert into Locais values ('Sao Joao da Pesqueira');
insert into Locais values ('Barcelos');
insert into Locais values ('Oliveira de Frades');
insert into Locais values ('Alcoutim');
insert into Locais values ('Castelo Branco');
insert into Locais values ('Sardoal');
insert into Locais values ('Nisa');
insert into Locais values ('Mourao');
insert into Locais values ('Crato');
insert into Locais values ('Mortagua');
insert into Locais values ('Mertola');
insert into Locais values ('Alcanena');
insert into Locais values ('Montijo');
insert into Locais values ('Ourem');
insert into Locais values ('Ilhavo');
insert into Locais values ('Idanha-a-Nova');
insert into Locais values ('Sabugal');
insert into Locais values ('Santa Maria da Feira');
insert into Locais values ('Mora');
insert into Locais values ('Oliveira do Bairro');
insert into Locais values ('Murca');
insert into Locais values ('Caminha');
insert into Locais values ('Mondim de Basto');
insert into Locais values ('Lisboa');
insert into Locais values ('Sao Roque do Pico');
insert into Locais values ('Horta');
insert into Locais values ('Pampilhosa da Serra');
insert into Locais values ('Ribeira de Pena');
insert into Locais values ('Cinfaes');
insert into Locais values ('Mira');
insert into Locais values ('Alandroal');
insert into Locais values ('Portalegre');
insert into Locais values ('Alfandega da Fe');
insert into Locais values ('Boticas');
insert into Locais values ('Alvaiazere');
insert into Locais values ('Olivenca');
insert into Locais values ('Arraiolos');
insert into Locais values ('Armamar');
insert into Locais values ('Porto de Mos');
insert into Locais values ('Ovar');
insert into Locais values ('Cuba');
insert into Locais values ('Alenquer');
insert into Locais values ('Sernancelhe');
insert into Locais values ('Guarda');
insert into Locais values ('Agueda');
insert into Locais values ('Castro Daire');
insert into Locais values ('Praia da Vitoria');
insert into Locais values ('Cadaval');
insert into Locais values ('Fafe');
insert into Locais values ('Oliveira do Hospital');
insert into Locais values ('Carregal do Sal');
insert into Locais values ('Santa Marta de Penaguiao');
insert into Locais values ('Alvito');
insert into Locais values ('Redondo');
insert into Locais values ('Porto Moniz');
insert into Locais values ('Santo Tirso');
insert into Locais values ('Campo Maior');
insert into Locais values ('Portel');
insert into Locais values ('Loures');
insert into Locais values ('Arronches');
insert into Locais values ('Figueira da Foz');
insert into Locais values ('Lajes das Flores');
insert into Locais values ('Montalegre');
insert into Locais values ('Santa Cruz');
insert into Locais values ('Monchique');
insert into Locais values ('Cantanhede');
insert into Locais values ('Lourinha');
insert into Locais values ('Nelas');
insert into Locais values ('Mafra');
insert into Locais values ('Azambuja');
insert into Locais values ('Santa Cruz das Flores');
insert into Locais values ('Estremoz');
insert into Locais values ('Almeida');
insert into Locais values ('Almada');
insert into Locais values ('Sabrosa');
insert into Locais values ('Marinha Grande');
insert into Locais values ('Arcos de Valdevez');
insert into Locais values ('Arruda dos Vinhos');
insert into Locais values ('Alter do Chao');
insert into Locais values ('Alcochete');
insert into Locais values ('Castro Verde');
insert into Locais values ('Anadia');
insert into Locais values ('Proenca-a-Nova');
insert into Locais values ('Nazare');
insert into Locais values ('Abrantes');
insert into Locais values ('Aguiar da Beira');
insert into Locais values ('Povoa de Varzim');
insert into Locais values ('Evora');
insert into Locais values ('Reguengos de Monsaraz');
insert into Locais values ('Odemira');
insert into Locais values ('Penalva do Castelo');

--Vigia
insert into Vigia values ('Santa Cruz',  0 );
insert into Vigia values ('Pampilhosa da Serra',  1 );
insert into Vigia values ('Evora',  2 );
insert into Vigia values ('Sao Joao da Pesqueira',  3 );
insert into Vigia values ('Evora',  4 );
insert into Vigia values ('Loures',  5 );
insert into Vigia values ('Loures',  6 );
insert into Vigia values ('Barcelos',  7 );
insert into Vigia values ('Crato',  8 );
insert into Vigia values ('Monchique',  9 );
insert into Vigia values ('Portel',  10 );
insert into Vigia values ('Campo Maior',  11 );
insert into Vigia values ('Nisa',  12 );
insert into Vigia values ('Sao Joao da Pesqueira',  13 );
insert into Vigia values ('Penalva do Castelo',  14 );
insert into Vigia values ('Azambuja',  15 );
insert into Vigia values ('Santa Maria da Feira',  16 );
insert into Vigia values ('Lourinha',  17 );
insert into Vigia values ('Barcelos',  18 );
insert into Vigia values ('Amares',  19 );
insert into Vigia values ('Azambuja',  20 );
insert into Vigia values ('Almeida',  21 );
insert into Vigia values ('Ourem',  22 );
insert into Vigia values ('Mora',  23 );
insert into Vigia values ('Alcanena',  24 );
insert into Vigia values ('Pampilhosa da Serra',  25 );
insert into Vigia values ('Porto Moniz',  26 );
insert into Vigia values ('Olhao',  27 );
insert into Vigia values ('Mora',  28 );
insert into Vigia values ('Sao Joao da Madeira',  29 );
insert into Vigia values ('Mertola',  30 );
insert into Vigia values ('Abrantes',  31 );
insert into Vigia values ('Campo Maior',  32 );
insert into Vigia values ('Redondo',  33 );
insert into Vigia values ('Crato',  34 );
insert into Vigia values ('Pampilhosa da Serra',  35 );
insert into Vigia values ('Alandroal',  36 );
insert into Vigia values ('Castro Daire',  37 );
insert into Vigia values ('Santa Marta de Penaguiao',  38 );
insert into Vigia values ('Pampilhosa da Serra',  39 );
insert into Vigia values ('Ourem',  40 );
insert into Vigia values ('Ribeira de Pena',  41 );
insert into Vigia values ('Povoa de Varzim',  42 );
insert into Vigia values ('Nelas',  43 );
insert into Vigia values ('Figueira da Foz',  44 );
insert into Vigia values ('Santa Marta de Penaguiao',  45 );
insert into Vigia values ('Ribeira de Pena',  46 );
insert into Vigia values ('Mertola',  47 );
insert into Vigia values ('Alcochete',  48 );
insert into Vigia values ('Sao Roque do Pico',  49 );
insert into Vigia values ('Olivenca',  50 );
insert into Vigia values ('Santa Maria da Feira',  51 );
insert into Vigia values ('Povoa de Varzim',  52 );
insert into Vigia values ('Lisboa',  53 );
insert into Vigia values ('Porto Moniz',  54 );
insert into Vigia values ('Ourem',  55 );
insert into Vigia values ('Sao Joao da Madeira',  56 );
insert into Vigia values ('Abrantes',  57 );
insert into Vigia values ('Alcoutim',  58 );
insert into Vigia values ('Montijo',  59 );
insert into Vigia values ('Penalva do Castelo',  60 );
insert into Vigia values ('Oliveira do Bairro',  61 );
insert into Vigia values ('Portalegre',  62 );
insert into Vigia values ('Pampilhosa da Serra',  63 );
insert into Vigia values ('Fafe',  64 );
insert into Vigia values ('Sardoal',  65 );
insert into Vigia values ('Lajes das Flores',  66 );
insert into Vigia values ('Alvaiazere',  67 );
insert into Vigia values ('Portel',  68 );
insert into Vigia values ('Lourinha',  69 );
insert into Vigia values ('Mora',  70 );
insert into Vigia values ('Mortagua',  71 );
insert into Vigia values ('Rio Maior',  72 );
insert into Vigia values ('Cuba',  73 );
insert into Vigia values ('Lourinha',  74 );
insert into Vigia values ('Sao Joao da Madeira',  75 );
insert into Vigia values ('Marinha Grande',  76 );
insert into Vigia values ('Portel',  77 );
insert into Vigia values ('Lagos',  78 );
insert into Vigia values ('Alvito',  79 );
insert into Vigia values ('Guarda',  80 );
insert into Vigia values ('Sabrosa',  81 );
insert into Vigia values ('Rio Maior',  82 );
insert into Vigia values ('Sao Roque do Pico',  83 );
insert into Vigia values ('Ilhavo',  84 );
insert into Vigia values ('Abrantes',  85 );
insert into Vigia values ('Anadia',  86 );
insert into Vigia values ('Arraiolos',  87 );
insert into Vigia values ('Guarda',  88 );
insert into Vigia values ('Guimaraes',  89 );
insert into Vigia values ('Lousada',  90 );
insert into Vigia values ('Nisa',  91 );
insert into Vigia values ('Almada',  92 );
insert into Vigia values ('Armamar',  93 );
insert into Vigia values ('Sabrosa',  94 );
insert into Vigia values ('Mora',  95 );
insert into Vigia values ('Sernancelhe',  96 );
insert into Vigia values ('Arruda dos Vinhos',  97 );
insert into Vigia values ('Alvaiazere',  98 );
insert into Vigia values ('Lisboa',  99 );

--Processos de socorro
insert into ProcessoSocorro values ( 0 );
insert into ProcessoSocorro values ( 1 );
insert into ProcessoSocorro values ( 2 );
insert into ProcessoSocorro values ( 3 );
insert into ProcessoSocorro values ( 4 );
insert into ProcessoSocorro values ( 5 );
insert into ProcessoSocorro values ( 6 );
insert into ProcessoSocorro values ( 7 );
insert into ProcessoSocorro values ( 8 );
insert into ProcessoSocorro values ( 9 );
insert into ProcessoSocorro values ( 10 );
insert into ProcessoSocorro values ( 11 );
insert into ProcessoSocorro values ( 12 );
insert into ProcessoSocorro values ( 13 );
insert into ProcessoSocorro values ( 14 );
insert into ProcessoSocorro values ( 15 );
insert into ProcessoSocorro values ( 16 );
insert into ProcessoSocorro values ( 17 );
insert into ProcessoSocorro values ( 18 );
insert into ProcessoSocorro values ( 19 );
insert into ProcessoSocorro values ( 20 );
insert into ProcessoSocorro values ( 21 );
insert into ProcessoSocorro values ( 22 );
insert into ProcessoSocorro values ( 23 );
insert into ProcessoSocorro values ( 24 );
insert into ProcessoSocorro values ( 25 );
insert into ProcessoSocorro values ( 26 );
insert into ProcessoSocorro values ( 27 );
insert into ProcessoSocorro values ( 28 );
insert into ProcessoSocorro values ( 29 );
insert into ProcessoSocorro values ( 30 );
insert into ProcessoSocorro values ( 31 );
insert into ProcessoSocorro values ( 32 );
insert into ProcessoSocorro values ( 33 );
insert into ProcessoSocorro values ( 34 );
insert into ProcessoSocorro values ( 35 );
insert into ProcessoSocorro values ( 36 );
insert into ProcessoSocorro values ( 37 );
insert into ProcessoSocorro values ( 38 );
insert into ProcessoSocorro values ( 39 );
insert into ProcessoSocorro values ( 40 );
insert into ProcessoSocorro values ( 41 );
insert into ProcessoSocorro values ( 42 );
insert into ProcessoSocorro values ( 43 );
insert into ProcessoSocorro values ( 44 );
insert into ProcessoSocorro values ( 45 );
insert into ProcessoSocorro values ( 46 );
insert into ProcessoSocorro values ( 47 );
insert into ProcessoSocorro values ( 48 );
insert into ProcessoSocorro values ( 49 );
insert into ProcessoSocorro values ( 50 );
insert into ProcessoSocorro values ( 51 );
insert into ProcessoSocorro values ( 52 );
insert into ProcessoSocorro values ( 53 );
insert into ProcessoSocorro values ( 54 );
insert into ProcessoSocorro values ( 55 );
insert into ProcessoSocorro values ( 56 );
insert into ProcessoSocorro values ( 57 );
insert into ProcessoSocorro values ( 58 );
insert into ProcessoSocorro values ( 59 );
insert into ProcessoSocorro values ( 60 );
insert into ProcessoSocorro values ( 61 );
insert into ProcessoSocorro values ( 62 );
insert into ProcessoSocorro values ( 63 );
insert into ProcessoSocorro values ( 64 );
insert into ProcessoSocorro values ( 65 );
insert into ProcessoSocorro values ( 66 );
insert into ProcessoSocorro values ( 67 );
insert into ProcessoSocorro values ( 68 );
insert into ProcessoSocorro values ( 69 );
insert into ProcessoSocorro values ( 70 );
insert into ProcessoSocorro values ( 71 );
insert into ProcessoSocorro values ( 72 );
insert into ProcessoSocorro values ( 73 );
insert into ProcessoSocorro values ( 74 );
insert into ProcessoSocorro values ( 75 );
insert into ProcessoSocorro values ( 76 );
insert into ProcessoSocorro values ( 77 );
insert into ProcessoSocorro values ( 78 );
insert into ProcessoSocorro values ( 79 );
insert into ProcessoSocorro values ( 80 );
insert into ProcessoSocorro values ( 81 );
insert into ProcessoSocorro values ( 82 );
insert into ProcessoSocorro values ( 83 );
insert into ProcessoSocorro values ( 84 );
insert into ProcessoSocorro values ( 85 );
insert into ProcessoSocorro values ( 86 );
insert into ProcessoSocorro values ( 87 );
insert into ProcessoSocorro values ( 88 );
insert into ProcessoSocorro values ( 89 );
insert into ProcessoSocorro values ( 90 );
insert into ProcessoSocorro values ( 91 );
insert into ProcessoSocorro values ( 92 );
insert into ProcessoSocorro values ( 93 );
insert into ProcessoSocorro values ( 94 );
insert into ProcessoSocorro values ( 95 );
insert into ProcessoSocorro values ( 96 );
insert into ProcessoSocorro values ( 97 );
insert into ProcessoSocorro values ( 98 );
insert into ProcessoSocorro values ( 99 );

--Evento de Emergencia
insert into EventoEmergencia values ('968964850', '2013-02-20 20:24:52', 'Silvandira Ximenes', 'Marvao',  53 );
insert into EventoEmergencia values ('966396960', '2009-10-04 17:59:29', 'Durbalino Torquato', 'Santa Maria da Feira',  17 );
insert into EventoEmergencia values ('968164345', '2001-02-01 14:0:23', 'Silvandira Chousa', 'Castro Verde',  0 );
insert into EventoEmergencia values ('969792722', '2004-04-08 19:46:0', 'Estanislau Ximenes', 'Cantanhede',  76 );
insert into EventoEmergencia values ('964099982', '2013-10-04 14:22:55', 'Estanislau Ulhoa', 'Olhao',  96 );
insert into EventoEmergencia values ('962130936', '2003-12-11 8:24:55', 'Durbalino Ulhoa', 'Alcoutim',  54 );
insert into EventoEmergencia values ('961682456', '2004-02-10 0:49:15', 'Hermenegildo Rocadas', 'Fafe',  10 );
insert into EventoEmergencia values ('969943642', '2000-04-28 5:40:43', 'Andrioleta Vidigal', 'Santa Marta de Penaguiao',  2 );
insert into EventoEmergencia values ('967394860', '2018-08-20 6:9:32', 'Andrioleta Ulhoa', 'Oliveira do Hospital',  47 );
insert into EventoEmergencia values ('960325554', '2001-01-08 12:33:51', 'Zardilaque Chousa', 'Agueda',  59 );
insert into EventoEmergencia values ('961652715', '2010-01-23 18:18:3', 'Capitulino Rocadas', 'Anadia',  52 );
insert into EventoEmergencia values ('964545770', '2014-12-19 11:58:14', 'Andrioleta Torquato', 'Azambuja',  90 );
insert into EventoEmergencia values ('968201572', '2014-12-09 5:3:36', 'Cremilde Chousa', 'Mertola',  91 );
insert into EventoEmergencia values ('967794407', '2003-03-17 1:16:10', 'Estanislau Torquato', 'Oliveira de Frades',  43 );
insert into EventoEmergencia values ('963330889', '2015-03-22 15:23:51', 'Zardilaque Sacadura', 'Alter do Chao',  81 );
insert into EventoEmergencia values ('968379985', '2007-08-13 2:7:43', 'Hermenegildo Torquato', 'Marinha Grande',  31 );
insert into EventoEmergencia values ('963325851', '2003-04-06 11:49:8', 'Xenocrates Torquato', 'Oliveira de Frades',  93 );
insert into EventoEmergencia values ('962736632', '2018-05-09 08:38:59', 'Xenocrates Rocadas', 'Oliveira do Hospital',  5 );
insert into EventoEmergencia values ('967572814', '2016-05-09 9:56:14', 'Silvandira Sacadura', 'Alcochete',  21 );
insert into EventoEmergencia values ('962557573', '2010-10-18 14:10:3', 'Hermenegildo Chousa', 'Nazare',  75 );
insert into EventoEmergencia values ('969023056', '2015-02-13 20:21:26', 'Durbalino Ulhoa', 'Cuba',  39 );
insert into EventoEmergencia values ('968434651', '2017-03-05 10:15:48', 'Silvandira Sacadura', 'Lajes das Flores',  77 );
insert into EventoEmergencia values ('968137531', '2000-02-04 11:13:29', 'Capitulino Chousa', 'Santa Cruz das Flores',  55 );
insert into EventoEmergencia values ('967337122', '2011-06-06 9:3:53', 'Silvandira Torquato', 'Olhao',  33 );
insert into EventoEmergencia values ('963352586', '2001-07-21 20:0:57', 'Andrioleta Ulhoa', 'Arcos de Valdevez',  75 );
insert into EventoEmergencia values ('962575239', '2000-03-12 20:56:58', 'Cremilde Vidigal', 'Murca',  3 );
insert into EventoEmergencia values ('967445934', '2010-12-22 5:28:4', 'Capitulino Ulhoa', 'Montemor-o-Velho',  91 );
insert into EventoEmergencia values ('968349168', '2004-03-03 21:26:4', 'Silvandira Ximenes', 'Boticas',  70 );
insert into EventoEmergencia values ('962929837', '2008-08-23 0:56:14', 'Estanislau Ulhoa', 'Guarda',  88 );
insert into EventoEmergencia values ('961867119', '2010-08-09 17:7:12', 'Djalmo Rocadas', 'Monchique',  71 );
insert into EventoEmergencia values ('961206832', '2011-05-16 16:17:48', 'Djalmo Sacadura', 'Campo Maior',  81 );
insert into EventoEmergencia values ('960218621', '2007-08-11 4:8:6', 'Xenocrates Ulhoa', 'Montalegre',  30 );
insert into EventoEmergencia values ('962290316', '2012-04-11 6:17:11', 'Xenocrates Torquato', 'Estremoz',  68 );
insert into EventoEmergencia values ('969823720', '2013-08-27 5:57:4', 'Djalmo Ulhoa', 'Idanha-a-Nova',  43 );
insert into EventoEmergencia values ('962480045', '2006-04-10 0:45:48', 'Estanislau Ulhoa', 'Odemira',  24 );
insert into EventoEmergencia values ('966964013', '2012-01-28 5:45:34', 'Durbalino Rocadas', 'Lousada',  90 );
insert into EventoEmergencia values ('965251231', '2017-02-02 15:11:30', 'Capitulino Torquato', 'Alcoutim',  31 );
insert into EventoEmergencia values ('969646606', '2009-06-07 7:25:5', 'Estanislau Chousa', 'Marvao',  34 );
insert into EventoEmergencia values ('967604297', '2012-04-26 9:59:11', 'Silvandira Ulhoa', 'Amares',  20 );
insert into EventoEmergencia values ('967759682', '2012-11-14 10:36:3', 'Zardilaque Ulhoa', 'Marinha Grande',  47 );
insert into EventoEmergencia values ('962060717', '2005-05-22 11:18:57', 'Andrioleta Ximenes', 'Marinha Grande',  3 );
insert into EventoEmergencia values ('960236538', '2009-06-22 21:38:36', 'Andrioleta Ulhoa', 'Olivenca',  0 );
insert into EventoEmergencia values ('961546522', '2011-02-17 6:59:59', 'Hermenegildo Ulhoa', 'Alvaiazere',  26 );
insert into EventoEmergencia values ('963402320', '2017-04-19 12:21:8', 'Djalmo Ximenes', 'Sabrosa',  67 );
insert into EventoEmergencia values ('964548826', '2014-07-28 9:27:35', 'Zardilaque Sacadura', 'Montemor-o-Velho',  42 );
insert into EventoEmergencia values ('961246514', '2006-01-04 17:45:5', 'Hermenegildo Vidigal', 'Crato',  82 );
insert into EventoEmergencia values ('960175653', '2007-06-20 10:12:41', 'Andrioleta Ximenes', 'Estremoz',  19 );
insert into EventoEmergencia values ('960063293', '2004-02-04 19:35:0', 'Durbalino Torquato', 'Sabugal',  32 );
insert into EventoEmergencia values ('968941986', '2005-09-09 21:13:48', 'Hermenegildo Ximenes', 'Oliveira do Bairro',  7 );
insert into EventoEmergencia values ('961631137', '2016-08-26 16:15:36', 'Durbalino Chousa', 'Caminha',  14 );
insert into EventoEmergencia values ('960511779', '2000-10-10 21:40:40', 'Capitulino Chousa', 'Mafra',  68 );
insert into EventoEmergencia values ('965230980', '2001-11-05 9:37:52', 'Cremilde Ximenes', 'Anadia',  48 );
insert into EventoEmergencia values ('964269979', '2016-03-09 10:47:56', 'Zardilaque Sacadura', 'Guimaraes',  77 );
insert into EventoEmergencia values ('965999951', '2000-07-12 4:53:45', 'Xenocrates Sacadura', 'Alter do Chao',  48 );
insert into EventoEmergencia values ('967307525', '2001-01-07 5:46:30', 'Capitulino Sacadura', 'Porto de Mos',  8 );
insert into EventoEmergencia values ('960007243', '2016-08-19 23:27:28', 'Xenocrates Vidigal', 'Alter do Chao',  15 );
insert into EventoEmergencia values ('964124634', '2000-09-19 8:33:0', 'Hermenegildo Rocadas', 'Odemira',  29 );
insert into EventoEmergencia values ('968225433', '2001-02-08 10:23:9', 'Estanislau Vidigal', 'Horta',  75 );
insert into EventoEmergencia values ('966089326', '2008-10-14 13:5:13', 'Durbalino Torquato', 'Arcos de Valdevez',  38 );
insert into EventoEmergencia values ('965174667', '2010-08-09 19:22:9', 'Silvandira Torquato', 'Guarda',  61 );
insert into EventoEmergencia values ('968965910', '2003-12-11 9:34:13', 'Andrioleta Vidigal', 'Sardoal',  51 );
insert into EventoEmergencia values ('960611316', '2002-12-04 6:45:57', 'Andrioleta Sacadura', 'Mafra',  21 );
insert into EventoEmergencia values ('961367104', '2010-10-08 18:8:36', 'Djalmo Ximenes', 'Alandroal',  41 );
insert into EventoEmergencia values ('964664692', '2014-07-22 14:3:58', 'Djalmo Sacadura', 'Alcoutim',  97 );
insert into EventoEmergencia values ('966292608', '2013-12-12 10:2:27', 'Xenocrates Chousa', 'Estremoz',  65 );
insert into EventoEmergencia values ('966876808', '2001-04-07 11:3:20', 'Andrioleta Rocadas', 'Alcoutim',  96 );
insert into EventoEmergencia values ('964397573', '2013-06-28 0:49:20', 'Silvandira Torquato', 'Alenquer',  47 );
insert into EventoEmergencia values ('961335805', '2013-10-05 8:11:20', 'Andrioleta Rocadas', 'Caminha',  13 );
insert into EventoEmergencia values ('965422355', '2012-02-04 22:5:24', 'Cremilde Vidigal', 'Porto de Mos',  98 );
insert into EventoEmergencia values ('968465275', '2015-10-18 20:43:29', 'Djalmo Sacadura', 'Aguiar da Beira',  7 );
insert into EventoEmergencia values ('967459784', '2002-12-12 7:28:42', 'Zardilaque Sacadura', 'Montijo',  24 );
insert into EventoEmergencia values ('968949112', '2015-07-08 5:55:6', 'Andrioleta Vidigal', 'Arronches',  78 );
insert into EventoEmergencia values ('960785467', '2008-07-10 5:57:13', 'Xenocrates Rocadas', 'Alfandega da Fe',  76 );
insert into EventoEmergencia values ('969937849', '2015-08-08 3:52:5', 'Estanislau Ulhoa', 'Nisa',  49 );
insert into EventoEmergencia values ('961677313', '2016-04-11 19:24:25', 'Zardilaque Torquato', 'Loures',  43 );
insert into EventoEmergencia values ('962523155', '2017-10-10 18:37:56', 'Estanislau Ulhoa', 'Marvao',  54 );
insert into EventoEmergencia values ('968443561', '2001-09-25 18:45:57', 'Xenocrates Chousa', 'Alcanena',  57 );
insert into EventoEmergencia values ('968482611', '2010-03-04 7:28:9', 'Xenocrates Torquato', 'Azambuja',  15 );
insert into EventoEmergencia values ('963266770', '2010-11-06 3:50:52', 'Djalmo Chousa', 'Praia da Vitoria',  50 );
insert into EventoEmergencia values ('965142838', '2008-08-28 9:48:59', 'Xenocrates Ulhoa', 'Carregal do Sal',  15 );
insert into EventoEmergencia values ('969504013', '2008-06-04 21:37:29', 'Durbalino Chousa', 'Mora',  3 );
insert into EventoEmergencia values ('961537350', '2005-09-06 12:23:47', 'Hermenegildo Sacadura', 'Lourinha',  28 );
insert into EventoEmergencia values ('960056013', '2018-11-26 23:5:22', 'Zardilaque Chousa', 'Armamar',  48 );
insert into EventoEmergencia values ('966050563', '2012-11-12 13:16:28', 'Andrioleta Ximenes', 'Alcoutim',  50 );
insert into EventoEmergencia values ('961791220', '2011-06-27 21:26:17', 'Djalmo Ulhoa', 'Mondim de Basto',  79 );
insert into EventoEmergencia values ('965449841', '2018-12-03 15:28:27', 'Djalmo Chousa', 'Guarda',  16 );
insert into EventoEmergencia values ('969772958', '2009-09-17 12:25:32', 'Hermenegildo Sacadura', 'Oliveira de Frades',  19 );
insert into EventoEmergencia values ('968374320', '2007-04-01 8:24:27', 'Xenocrates Chousa', 'Portalegre',  11 );
insert into EventoEmergencia values ('969153475', '2010-04-09 17:40:37', 'Hermenegildo Chousa', 'Alandroal',  2 );
insert into EventoEmergencia values ('966074965', '2015-12-20 16:19:28', 'Andrioleta Rocadas', 'Alenquer',  47 );
insert into EventoEmergencia values ('964015228', '2014-04-13 17:36:26', 'Xenocrates Torquato', 'Oliveira do Bairro',  65 );
insert into EventoEmergencia values ('961322754', '2017-01-18 21:56:33', 'Andrioleta Chousa', 'Crato',  55 );
insert into EventoEmergencia values ('965933527', '2008-11-21 0:10:24', 'Djalmo Vidigal', 'Carregal do Sal',  12 );
insert into EventoEmergencia values ('965320695', '2007-08-20 2:26:12', 'Djalmo Ulhoa', 'Fafe',  25 );
insert into EventoEmergencia values ('966927642', '2009-10-19 6:20:27', 'Zardilaque Torquato', 'Marvao',  89 );
insert into EventoEmergencia values ('969388208', '2008-07-20 0:16:56', 'Andrioleta Vidigal', 'Castro Daire',  9 );
insert into EventoEmergencia values ('960502599', '2016-08-02 23:22:5', 'Estanislau Torquato', 'Mora',  64 );
insert into EventoEmergencia values ('963711515', '2011-02-05 1:56:37', 'Capitulino Ximenes', 'Ribeira de Pena',  5 );
insert into EventoEmergencia values ('964765855', '2007-01-12 8:28:33', 'Xenocrates Sacadura', 'Nisa',  73 );
insert into EventoEmergencia values ('969891582', '2011-03-03 18:6:30', 'Xenocrates Vidigal', 'Portalegre',  64 );

--Entidade do meio
insert into EntidadeMeio values ('Policia');
insert into EntidadeMeio values ('Bombeiros');
insert into EntidadeMeio values ('Forca aerea');
insert into EntidadeMeio values ('Exercito');

--Meio
insert into Meio values ( 0 , 'Tinoni', 'Exercito');
insert into Meio values ( 0 , 'Autocarlos', 'Policia');
insert into Meio values ( 1 , 'Aviao', 'Policia');
insert into Meio values ( 2 , 'Aviao', 'Policia');
insert into Meio values ( 1 , 'Quimboio tchutchu', 'Exercito');
insert into Meio values ( 0 , 'Aviao', 'Forca aerea');
insert into Meio values ( 0 , 'Tinoni', 'Bombeiros');
insert into Meio values ( 3 , 'Tinoni', 'Policia');
insert into Meio values ( 1 , 'Aviao', 'Forca aerea');
insert into Meio values ( 1 , 'Tinoni', 'Bombeiros');
insert into Meio values ( 2 , 'Autocarlos', 'Forca aerea');
insert into Meio values ( 4 , 'Aviao', 'Policia');
insert into Meio values ( 2 , 'Autocarlos', 'Bombeiros');
insert into Meio values ( 2 , 'Quimboio tchutchu', 'Exercito');
insert into Meio values ( 3 , 'Quimboio tchutchu', 'Exercito');
insert into Meio values ( 4 , 'Tinoni', 'Exercito');
insert into Meio values ( 5 , 'Aviao', 'Exercito');
insert into Meio values ( 6 , 'Aviao', 'Exercito');
insert into Meio values ( 7 , 'Quimboio tchutchu', 'Exercito');
insert into Meio values ( 3 , 'Autocarlos', 'Bombeiros');
insert into Meio values ( 5 , 'Tinoni', 'Policia');
insert into Meio values ( 3 , 'Quimboio tchutchu', 'Forca aerea');
insert into Meio values ( 4 , 'Aviao', 'Forca aerea');
insert into Meio values ( 8 , 'Tinoni', 'Exercito');
insert into Meio values ( 5 , 'Tinoni', 'Forca aerea');
insert into Meio values ( 4 , 'Quimboio tchutchu', 'Bombeiros');
insert into Meio values ( 5 , 'Quimboio tchutchu', 'Bombeiros');
insert into Meio values ( 6 , 'Autocarlos', 'Policia');
insert into Meio values ( 7 , 'Quimboio tchutchu', 'Policia');
insert into Meio values ( 9 , 'Autocarlos', 'Exercito');
insert into Meio values ( 10 , 'Aviao', 'Exercito');
insert into Meio values ( 11 , 'Quimboio tchutchu', 'Exercito');
insert into Meio values ( 8 , 'Quimboio tchutchu', 'Policia');
insert into Meio values ( 6 , 'Tinoni', 'Bombeiros');
insert into Meio values ( 6 , 'Quimboio tchutchu', 'Forca aerea');
insert into Meio values ( 12 , 'Aviao', 'Exercito');
insert into Meio values ( 7 , 'Autocarlos', 'Forca aerea');
insert into Meio values ( 8 , 'Aviao', 'Forca aerea');
insert into Meio values ( 9 , 'Aviao', 'Forca aerea');
insert into Meio values ( 10 , 'Aviao', 'Forca aerea');
insert into Meio values ( 9 , 'Tinoni', 'Policia');
insert into Meio values ( 10 , 'Aviao', 'Policia');
insert into Meio values ( 11 , 'Aviao', 'Forca aerea');
insert into Meio values ( 11 , 'Autocarlos', 'Policia');
insert into Meio values ( 7 , 'Tinoni', 'Bombeiros');
insert into Meio values ( 13 , 'Aviao', 'Exercito');
insert into Meio values ( 8 , 'Quimboio tchutchu', 'Bombeiros');
insert into Meio values ( 12 , 'Tinoni', 'Forca aerea');
insert into Meio values ( 13 , 'Aviao', 'Forca aerea');
insert into Meio values ( 14 , 'Tinoni', 'Forca aerea');
insert into Meio values ( 12 , 'Tinoni', 'Policia');
insert into Meio values ( 15 , 'Quimboio tchutchu', 'Forca aerea');
insert into Meio values ( 14 , 'Tinoni', 'Exercito');
insert into Meio values ( 16 , 'Autocarlos', 'Forca aerea');
insert into Meio values ( 9 , 'Quimboio tchutchu', 'Bombeiros');
insert into Meio values ( 15 , 'Quimboio tchutchu', 'Exercito');
insert into Meio values ( 13 , 'Quimboio tchutchu', 'Policia');
insert into Meio values ( 16 , 'Autocarlos', 'Exercito');
insert into Meio values ( 17 , 'Tinoni', 'Forca aerea');
insert into Meio values ( 10 , 'Tinoni', 'Bombeiros');
insert into Meio values ( 11 , 'Autocarlos', 'Bombeiros');
insert into Meio values ( 18 , 'Quimboio tchutchu', 'Forca aerea');
insert into Meio values ( 17 , 'Tinoni', 'Exercito');
insert into Meio values ( 18 , 'Tinoni', 'Exercito');
insert into Meio values ( 12 , 'Aviao', 'Bombeiros');
insert into Meio values ( 14 , 'Quimboio tchutchu', 'Policia');
insert into Meio values ( 19 , 'Aviao', 'Forca aerea');
insert into Meio values ( 15 , 'Autocarlos', 'Policia');
insert into Meio values ( 13 , 'Aviao', 'Bombeiros');
insert into Meio values ( 16 , 'Quimboio tchutchu', 'Policia');
insert into Meio values ( 19 , 'Aviao', 'Exercito');
insert into Meio values ( 17 , 'Quimboio tchutchu', 'Policia');
insert into Meio values ( 20 , 'Autocarlos', 'Forca aerea');
insert into Meio values ( 20 , 'Quimboio tchutchu', 'Exercito');
insert into Meio values ( 21 , 'Aviao', 'Exercito');
insert into Meio values ( 18 , 'Autocarlos', 'Policia');
insert into Meio values ( 22 , 'Tinoni', 'Exercito');
insert into Meio values ( 23 , 'Aviao', 'Exercito');
insert into Meio values ( 24 , 'Aviao', 'Exercito');
insert into Meio values ( 19 , 'Autocarlos', 'Policia');
insert into Meio values ( 14 , 'Autocarlos', 'Bombeiros');
insert into Meio values ( 25 , 'Autocarlos', 'Exercito');
insert into Meio values ( 26 , 'Autocarlos', 'Exercito');
insert into Meio values ( 27 , 'Quimboio tchutchu', 'Exercito');
insert into Meio values ( 15 , 'Quimboio tchutchu', 'Bombeiros');
insert into Meio values ( 21 , 'Quimboio tchutchu', 'Forca aerea');
insert into Meio values ( 28 , 'Quimboio tchutchu', 'Exercito');
insert into Meio values ( 29 , 'Aviao', 'Exercito');
insert into Meio values ( 22 , 'Tinoni', 'Forca aerea');
insert into Meio values ( 23 , 'Tinoni', 'Forca aerea');
insert into Meio values ( 20 , 'Aviao', 'Policia');
insert into Meio values ( 30 , 'Autocarlos', 'Exercito');
insert into Meio values ( 21 , 'Aviao', 'Policia');
insert into Meio values ( 22 , 'Quimboio tchutchu', 'Policia');
insert into Meio values ( 31 , 'Tinoni', 'Exercito');
insert into Meio values ( 16 , 'Autocarlos', 'Bombeiros');
insert into Meio values ( 17 , 'Autocarlos', 'Bombeiros');
insert into Meio values ( 23 , 'Quimboio tchutchu', 'Policia');
insert into Meio values ( 32 , 'Autocarlos', 'Exercito');
insert into Meio values ( 18 , 'Aviao', 'Bombeiros');

--Meio de combate
insert into MeioCombate values ( 1 , 'Policia');
insert into MeioCombate values ( 2 , 'Policia');
insert into MeioCombate values ( 1 , 'Exercito');
insert into MeioCombate values ( 0 , 'Bombeiros');
insert into MeioCombate values ( 1 , 'Bombeiros');
insert into MeioCombate values ( 2 , 'Bombeiros');
insert into MeioCombate values ( 2 , 'Exercito');
insert into MeioCombate values ( 3 , 'Exercito');
insert into MeioCombate values ( 5 , 'Exercito');
insert into MeioCombate values ( 5 , 'Policia');
insert into MeioCombate values ( 5 , 'Forca aerea');
insert into MeioCombate values ( 4 , 'Bombeiros');
insert into MeioCombate values ( 7 , 'Policia');
insert into MeioCombate values ( 10 , 'Exercito');
insert into MeioCombate values ( 6 , 'Forca aerea');
insert into MeioCombate values ( 12 , 'Exercito');
insert into MeioCombate values ( 7 , 'Forca aerea');
insert into MeioCombate values ( 10 , 'Forca aerea');
insert into MeioCombate values ( 9 , 'Policia');
insert into MeioCombate values ( 10 , 'Policia');
insert into MeioCombate values ( 11 , 'Policia');
insert into MeioCombate values ( 7 , 'Bombeiros');
insert into MeioCombate values ( 8 , 'Bombeiros');
insert into MeioCombate values ( 13 , 'Forca aerea');
insert into MeioCombate values ( 14 , 'Forca aerea');
insert into MeioCombate values ( 12 , 'Policia');
insert into MeioCombate values ( 15 , 'Forca aerea');
insert into MeioCombate values ( 9 , 'Bombeiros');
insert into MeioCombate values ( 13 , 'Policia');
insert into MeioCombate values ( 11 , 'Bombeiros');
insert into MeioCombate values ( 14 , 'Policia');
insert into MeioCombate values ( 13 , 'Bombeiros');
insert into MeioCombate values ( 19 , 'Exercito');
insert into MeioCombate values ( 17 , 'Policia');
insert into MeioCombate values ( 21 , 'Exercito');
insert into MeioCombate values ( 22 , 'Exercito');
insert into MeioCombate values ( 23 , 'Exercito');
insert into MeioCombate values ( 24 , 'Exercito');
insert into MeioCombate values ( 25 , 'Exercito');
insert into MeioCombate values ( 22 , 'Forca aerea');
insert into MeioCombate values ( 30 , 'Exercito');
insert into MeioCombate values ( 21 , 'Policia');
insert into MeioCombate values ( 23 , 'Policia');

--Meio de apoio
insert into MeioApoio values ( 3 , 'Policia');
insert into MeioApoio values ( 4 , 'Policia');
insert into MeioApoio values ( 3 , 'Bombeiros');
insert into MeioApoio values ( 9 , 'Exercito');
insert into MeioApoio values ( 11 , 'Exercito');
insert into MeioApoio values ( 6 , 'Bombeiros');
insert into MeioApoio values ( 9 , 'Forca aerea');
insert into MeioApoio values ( 11 , 'Forca aerea');
insert into MeioApoio values ( 17 , 'Forca aerea');
insert into MeioApoio values ( 18 , 'Forca aerea');
insert into MeioApoio values ( 17 , 'Exercito');
insert into MeioApoio values ( 19 , 'Forca aerea');
insert into MeioApoio values ( 15 , 'Policia');
insert into MeioApoio values ( 16 , 'Policia');
insert into MeioApoio values ( 20 , 'Forca aerea');
insert into MeioApoio values ( 20 , 'Exercito');
insert into MeioApoio values ( 18 , 'Policia');
insert into MeioApoio values ( 26 , 'Exercito');
insert into MeioApoio values ( 27 , 'Exercito');
insert into MeioApoio values ( 15 , 'Bombeiros');
insert into MeioApoio values ( 29 , 'Exercito');
insert into MeioApoio values ( 23 , 'Forca aerea');
insert into MeioApoio values ( 20 , 'Policia');
insert into MeioApoio values ( 22 , 'Policia');
insert into MeioApoio values ( 31 , 'Exercito');
insert into MeioApoio values ( 32 , 'Exercito');

--Meio de socorro
insert into MeioSocorro values ( 0 , 'Exercito');
insert into MeioSocorro values ( 0 , 'Policia');
insert into MeioSocorro values ( 0 , 'Forca aerea');
insert into MeioSocorro values ( 1 , 'Forca aerea');
insert into MeioSocorro values ( 2 , 'Forca aerea');
insert into MeioSocorro values ( 4 , 'Exercito');
insert into MeioSocorro values ( 6 , 'Exercito');
insert into MeioSocorro values ( 7 , 'Exercito');
insert into MeioSocorro values ( 3 , 'Forca aerea');
insert into MeioSocorro values ( 4 , 'Forca aerea');
insert into MeioSocorro values ( 8 , 'Exercito');
insert into MeioSocorro values ( 5 , 'Bombeiros');
insert into MeioSocorro values ( 6 , 'Policia');
insert into MeioSocorro values ( 8 , 'Policia');
insert into MeioSocorro values ( 8 , 'Forca aerea');
insert into MeioSocorro values ( 13 , 'Exercito');
insert into MeioSocorro values ( 12 , 'Forca aerea');
insert into MeioSocorro values ( 14 , 'Exercito');
insert into MeioSocorro values ( 16 , 'Forca aerea');
insert into MeioSocorro values ( 15 , 'Exercito');
insert into MeioSocorro values ( 16 , 'Exercito');
insert into MeioSocorro values ( 10 , 'Bombeiros');
insert into MeioSocorro values ( 18 , 'Exercito');
insert into MeioSocorro values ( 12 , 'Bombeiros');
insert into MeioSocorro values ( 19 , 'Policia');
insert into MeioSocorro values ( 14 , 'Bombeiros');
insert into MeioSocorro values ( 21 , 'Forca aerea');
insert into MeioSocorro values ( 28 , 'Exercito');
insert into MeioSocorro values ( 16 , 'Bombeiros');
insert into MeioSocorro values ( 17 , 'Bombeiros');
insert into MeioSocorro values ( 18 , 'Bombeiros');

--Transporta
insert into Transporta values ( 0 , 'Exercito',  6 , 86 );
insert into Transporta values ( 0 , 'Policia',  10 , 18 );
insert into Transporta values ( 1 , 'Forca aerea',  6 , 79 );
insert into Transporta values ( 2 , 'Forca aerea',  16 , 78 );
insert into Transporta values ( 4 , 'Exercito',  10 , 3 );
insert into Transporta values ( 6 , 'Exercito',  1 , 50 );
insert into Transporta values ( 7 , 'Exercito',  22 , 21 );
insert into Transporta values ( 3 , 'Forca aerea',  14 , 96 );
insert into Transporta values ( 4 , 'Forca aerea',  19 , 17 );
insert into Transporta values ( 8 , 'Exercito',  11 , 6 );
insert into Transporta values ( 5 , 'Bombeiros',  25 , 26 );
insert into Transporta values ( 6 , 'Policia',  3 , 52 );
insert into Transporta values ( 8 , 'Policia',  22 , 88 );
insert into Transporta values ( 8 , 'Forca aerea',  19 , 38 );
insert into Transporta values ( 13 , 'Exercito',  8 , 71 );
insert into Transporta values ( 12 , 'Forca aerea',  3 , 20 );
insert into Transporta values ( 14 , 'Exercito',  15 , 85 );
insert into Transporta values ( 16 , 'Forca aerea',  27 , 31 );
insert into Transporta values ( 15 , 'Exercito',  21 , 35 );
insert into Transporta values ( 16 , 'Exercito',  26 , 99 );
insert into Transporta values ( 10 , 'Bombeiros',  12 , 14 );
insert into Transporta values ( 18 , 'Exercito',  14 , 65 );
insert into Transporta values ( 12 , 'Bombeiros',  25 , 68 );
insert into Transporta values ( 19 , 'Policia',  27 , 62 );
insert into Transporta values ( 14 , 'Bombeiros',  2 , 72 );
insert into Transporta values ( 21 , 'Forca aerea',  22 , 18 );
insert into Transporta values ( 28 , 'Exercito',  23 , 18 );
insert into Transporta values ( 16 , 'Bombeiros',  23 , 31 );
insert into Transporta values ( 17 , 'Bombeiros',  7 , 89 );
insert into Transporta values ( 18 , 'Bombeiros',  2 , 98 );

--Alocado
insert into Alocado values ( 3 , 'Policia',  22 , 99 );
insert into Alocado values ( 4 , 'Policia',  4 , 38 );
insert into Alocado values ( 3 , 'Bombeiros',  9 , 13 );
insert into Alocado values ( 9 , 'Exercito',  18 , 53 );
insert into Alocado values ( 11 , 'Exercito',  12 , 32 );
insert into Alocado values ( 6 , 'Bombeiros',  24 , 85 );
insert into Alocado values ( 9 , 'Forca aerea',  17 , 21 );
insert into Alocado values ( 11 , 'Forca aerea',  6 , 51 );
insert into Alocado values ( 17 , 'Forca aerea',  10 , 38 );
insert into Alocado values ( 18 , 'Forca aerea',  15 , 52 );
insert into Alocado values ( 17 , 'Exercito',  3 , 39 );
insert into Alocado values ( 19 , 'Forca aerea',  20 , 92 );
insert into Alocado values ( 15 , 'Policia',  14 , 12 );
insert into Alocado values ( 16 , 'Policia',  10 , 77 );
insert into Alocado values ( 20 , 'Forca aerea',  1 , 21 );
insert into Alocado values ( 20 , 'Exercito',  20 , 81 );
insert into Alocado values ( 18 , 'Policia',  23 , 61 );
insert into Alocado values ( 26 , 'Exercito',  7 , 89 );
insert into Alocado values ( 27 , 'Exercito',  19 , 20 );
insert into Alocado values ( 15 , 'Bombeiros',  24 , 22 );
insert into Alocado values ( 29 , 'Exercito',  21 , 92 );
insert into Alocado values ( 23 , 'Forca aerea',  14 , 25 );
insert into Alocado values ( 20 , 'Policia',  20 , 51 );
insert into Alocado values ( 22 , 'Policia',  16 , 61 );
insert into Alocado values ( 31 , 'Exercito',  14 , 34 );
insert into Alocado values ( 32 , 'Exercito',  22 , 4 );

--Aciona
insert into aciona values (0, 'Bombeiros', 0);
insert into aciona values (0, 'Bombeiros', 1);
insert into aciona values (0, 'Bombeiros', 2);
insert into aciona values (0, 'Bombeiros', 3);
insert into aciona values (0, 'Bombeiros', 4);
insert into aciona values (0, 'Bombeiros', 5);
insert into aciona values (0, 'Bombeiros', 6);
insert into aciona values (0, 'Bombeiros', 7);
insert into aciona values (0, 'Bombeiros', 8);
insert into aciona values (0, 'Bombeiros', 9);
insert into aciona values (0, 'Bombeiros', 10);
insert into aciona values (0, 'Bombeiros', 11);
insert into aciona values (0, 'Bombeiros', 12);
insert into aciona values (0, 'Bombeiros', 13);
insert into aciona values (0, 'Bombeiros', 14);
insert into aciona values (0, 'Bombeiros', 15);
insert into aciona values (0, 'Bombeiros', 16);
insert into aciona values (0, 'Bombeiros', 17);
insert into aciona values (0, 'Bombeiros', 18);
insert into aciona values (0, 'Bombeiros', 19);
insert into aciona values (0, 'Bombeiros', 20);
insert into aciona values (0, 'Bombeiros', 21);
insert into aciona values (0, 'Bombeiros', 22);
insert into aciona values (0, 'Bombeiros', 23);
insert into aciona values (0, 'Bombeiros', 24);
insert into aciona values (0, 'Bombeiros', 25);
insert into aciona values (0, 'Bombeiros', 26);
insert into aciona values (0, 'Bombeiros', 27);
insert into aciona values (0, 'Bombeiros', 28);
insert into aciona values (0, 'Bombeiros', 29);
insert into aciona values (0, 'Bombeiros', 30);
insert into aciona values (0, 'Bombeiros', 31);
insert into aciona values (0, 'Bombeiros', 32);
insert into aciona values (0, 'Bombeiros', 33);
insert into aciona values (0, 'Bombeiros', 34);
insert into aciona values (0, 'Bombeiros', 35);
insert into aciona values (0, 'Bombeiros', 36);
insert into aciona values (0, 'Bombeiros', 37);
insert into aciona values (0, 'Bombeiros', 38);
insert into aciona values (0, 'Bombeiros', 39);
insert into aciona values (0, 'Bombeiros', 40);
insert into aciona values (0, 'Bombeiros', 41);
insert into aciona values (0, 'Bombeiros', 42);
insert into aciona values (0, 'Bombeiros', 43);
insert into aciona values (0, 'Bombeiros', 44);
insert into aciona values (0, 'Bombeiros', 45);
insert into aciona values (0, 'Bombeiros', 46);
insert into aciona values (0, 'Bombeiros', 47);
insert into aciona values (0, 'Bombeiros', 48);
insert into aciona values (0, 'Bombeiros', 49);
insert into aciona values (0, 'Bombeiros', 50);
insert into aciona values (0, 'Bombeiros', 51);
insert into aciona values (0, 'Bombeiros', 52);
insert into aciona values (0, 'Bombeiros', 53);
insert into aciona values (0, 'Bombeiros', 54);
insert into aciona values (0, 'Bombeiros', 55);
insert into aciona values (0, 'Bombeiros', 56);
insert into aciona values (0, 'Bombeiros', 57);
insert into aciona values (0, 'Bombeiros', 58);
insert into aciona values (0, 'Bombeiros', 59);
insert into aciona values (0, 'Bombeiros', 60);
insert into aciona values (0, 'Bombeiros', 61);
insert into aciona values (0, 'Bombeiros', 62);
insert into aciona values (0, 'Bombeiros', 63);
insert into aciona values (0, 'Bombeiros', 64);
insert into aciona values (0, 'Bombeiros', 65);
insert into aciona values (0, 'Bombeiros', 66);
insert into aciona values (0, 'Bombeiros', 67);
insert into aciona values (0, 'Bombeiros', 68);
insert into aciona values (0, 'Bombeiros', 69);
insert into aciona values (0, 'Bombeiros', 70);
insert into aciona values (0, 'Bombeiros', 71);
insert into aciona values (0, 'Bombeiros', 72);
insert into aciona values (0, 'Bombeiros', 73);
insert into aciona values (0, 'Bombeiros', 74);
insert into aciona values (0, 'Bombeiros', 75);
insert into aciona values (0, 'Bombeiros', 76);
insert into aciona values (0, 'Bombeiros', 77);
insert into aciona values (0, 'Bombeiros', 78);
insert into aciona values (0, 'Bombeiros', 79);
insert into aciona values (0, 'Bombeiros', 80);
insert into aciona values (0, 'Bombeiros', 81);
insert into aciona values (0, 'Bombeiros', 82);
insert into aciona values (0, 'Bombeiros', 83);
insert into aciona values (0, 'Bombeiros', 84);
insert into aciona values (0, 'Bombeiros', 85);
insert into aciona values (0, 'Bombeiros', 86);
insert into aciona values (0, 'Bombeiros', 87);
insert into aciona values (0, 'Bombeiros', 88);
insert into aciona values (0, 'Bombeiros', 89);
insert into aciona values (0, 'Bombeiros', 90);
insert into aciona values (0, 'Bombeiros', 91);
insert into aciona values (0, 'Bombeiros', 92);
insert into aciona values (0, 'Bombeiros', 93);
insert into aciona values (0, 'Bombeiros', 94);
insert into aciona values (0, 'Bombeiros', 95);
insert into aciona values (0, 'Bombeiros', 96);
insert into aciona values (0, 'Bombeiros', 97);
insert into aciona values (0, 'Bombeiros', 98);
insert into aciona values (0, 'Bombeiros', 99);
insert into Aciona values ( 0 , 'Exercito',  26 );
insert into Aciona values ( 0 , 'Policia',  28 );
insert into Aciona values ( 1 , 'Policia',  89 );
insert into Aciona values ( 2 , 'Policia',  6 );
insert into Aciona values ( 1 , 'Exercito',  27 );
insert into Aciona values ( 0 , 'Forca aerea',  9 );
insert into Aciona values ( 3 , 'Policia',  51 );
insert into Aciona values ( 1 , 'Forca aerea',  17 );
insert into Aciona values ( 1 , 'Bombeiros',  87 );
insert into Aciona values ( 2 , 'Forca aerea',  77 );
insert into Aciona values ( 4 , 'Policia',  42 );
insert into Aciona values ( 2 , 'Bombeiros',  44 );
insert into Aciona values ( 2 , 'Exercito',  62 );
insert into Aciona values ( 3 , 'Exercito',  2 );
insert into Aciona values ( 4 , 'Exercito',  84 );
insert into Aciona values ( 5 , 'Exercito',  21 );
insert into Aciona values ( 6 , 'Exercito',  27 );
insert into Aciona values ( 7 , 'Exercito',  11 );
insert into Aciona values ( 3 , 'Bombeiros',  83 );
insert into Aciona values ( 5 , 'Policia',  76 );
insert into Aciona values ( 3 , 'Forca aerea',  33 );
insert into Aciona values ( 4 , 'Forca aerea',  85 );
insert into Aciona values ( 8 , 'Exercito',  67 );
insert into Aciona values ( 5 , 'Forca aerea',  85 );
insert into Aciona values ( 4 , 'Bombeiros',  20 );
insert into Aciona values ( 5 , 'Bombeiros',  63 );
insert into Aciona values ( 6 , 'Policia',  6 );
insert into Aciona values ( 7 , 'Policia',  9 );
insert into Aciona values ( 9 , 'Exercito',  55 );
insert into Aciona values ( 10 , 'Exercito',  35 );
insert into Aciona values ( 11 , 'Exercito',  44 );
insert into Aciona values ( 8 , 'Policia',  9 );
insert into Aciona values ( 6 , 'Bombeiros',  95 );
insert into Aciona values ( 6 , 'Forca aerea',  10 );
insert into Aciona values ( 12 , 'Exercito',  37 );
insert into Aciona values ( 7 , 'Forca aerea',  36 );
insert into Aciona values ( 8 , 'Forca aerea',  69 );
insert into Aciona values ( 9 , 'Forca aerea',  52 );
insert into Aciona values ( 10 , 'Forca aerea',  17 );
insert into Aciona values ( 9 , 'Policia',  56 );
insert into Aciona values ( 10 , 'Policia',  70 );
insert into Aciona values ( 11 , 'Forca aerea',  21 );
insert into Aciona values ( 11 , 'Policia',  28 );
insert into Aciona values ( 7 , 'Bombeiros',  4 );
insert into Aciona values ( 13 , 'Exercito',  1 );
insert into Aciona values ( 8 , 'Bombeiros',  65 );
insert into Aciona values ( 12 , 'Forca aerea',  42 );
insert into Aciona values ( 13 , 'Forca aerea',  57 );
insert into Aciona values ( 14 , 'Forca aerea',  30 );
insert into Aciona values ( 12 , 'Policia',  23 );
insert into Aciona values ( 15 , 'Forca aerea',  90 );
insert into Aciona values ( 14 , 'Exercito',  7 );
insert into Aciona values ( 16 , 'Forca aerea',  53 );
insert into Aciona values ( 9 , 'Bombeiros',  64 );
insert into Aciona values ( 15 , 'Exercito',  48 );
insert into Aciona values ( 13 , 'Policia',  32 );
insert into Aciona values ( 16 , 'Exercito',  80 );
insert into Aciona values ( 17 , 'Forca aerea',  81 );
insert into Aciona values ( 10 , 'Bombeiros',  3 );
insert into Aciona values ( 11 , 'Bombeiros',  26 );
insert into Aciona values ( 18 , 'Forca aerea',  80 );
insert into Aciona values ( 17 , 'Exercito',  55 );
insert into Aciona values ( 18 , 'Exercito',  68 );
insert into Aciona values ( 12 , 'Bombeiros',  49 );
insert into Aciona values ( 14 , 'Policia',  67 );
insert into Aciona values ( 19 , 'Forca aerea',  82 );
insert into Aciona values ( 15 , 'Policia',  99 );
insert into Aciona values ( 13 , 'Bombeiros',  64 );
insert into Aciona values ( 16 , 'Policia',  70 );
insert into Aciona values ( 19 , 'Exercito',  19 );
insert into Aciona values ( 17 , 'Policia',  40 );
insert into Aciona values ( 20 , 'Forca aerea',  35 );
insert into Aciona values ( 20 , 'Exercito',  21 );
insert into Aciona values ( 21 , 'Exercito',  39 );
insert into Aciona values ( 18 , 'Policia',  47 );
insert into Aciona values ( 22 , 'Exercito',  86 );
insert into Aciona values ( 23 , 'Exercito',  70 );
insert into Aciona values ( 24 , 'Exercito',  29 );
insert into Aciona values ( 19 , 'Policia',  72 );
insert into Aciona values ( 14 , 'Bombeiros',  32 );
insert into Aciona values ( 25 , 'Exercito',  17 );
insert into Aciona values ( 26 , 'Exercito',  36 );
insert into Aciona values ( 27 , 'Exercito',  91 );
insert into Aciona values ( 15 , 'Bombeiros',  83 );
insert into Aciona values ( 21 , 'Forca aerea',  73 );
insert into Aciona values ( 28 , 'Exercito',  3 );
insert into Aciona values ( 29 , 'Exercito',  77 );
insert into Aciona values ( 22 , 'Forca aerea',  58 );
insert into Aciona values ( 23 , 'Forca aerea',  57 );
insert into Aciona values ( 20 , 'Policia',  23 );
insert into Aciona values ( 30 , 'Exercito',  44 );
insert into Aciona values ( 21 , 'Policia',  10 );
insert into Aciona values ( 22 , 'Policia',  38 );
insert into Aciona values ( 31 , 'Exercito',  13 );
insert into Aciona values ( 16 , 'Bombeiros',  23 );
insert into Aciona values ( 17 , 'Bombeiros',  36 );
insert into Aciona values ( 23 , 'Policia',  25 );
insert into Aciona values ( 32 , 'Exercito',  6 );
insert into Aciona values ( 18 , 'Bombeiros',  5 );
insert into Aciona values (3, 'Policia', 47);


--Coordenador
insert into Coordenador values ( 0 );
insert into Coordenador values ( 1 );
insert into Coordenador values ( 2 );
insert into Coordenador values ( 3 );
insert into Coordenador values ( 4 );
insert into Coordenador values ( 5 );
insert into Coordenador values ( 6 );
insert into Coordenador values ( 7 );
insert into Coordenador values ( 8 );
insert into Coordenador values ( 9 );
insert into Coordenador values ( 10 );
insert into Coordenador values ( 11 );
insert into Coordenador values ( 12 );
insert into Coordenador values ( 13 );
insert into Coordenador values ( 14 );
insert into Coordenador values ( 15 );
insert into Coordenador values ( 16 );
insert into Coordenador values ( 17 );
insert into Coordenador values ( 18 );
insert into Coordenador values ( 19 );
insert into Coordenador values ( 20 );
insert into Coordenador values ( 21 );
insert into Coordenador values ( 22 );
insert into Coordenador values ( 23 );
insert into Coordenador values ( 24 );
insert into Coordenador values ( 25 );
insert into Coordenador values ( 26 );
insert into Coordenador values ( 27 );
insert into Coordenador values ( 28 );
insert into Coordenador values ( 29 );
insert into Coordenador values ( 30 );
insert into Coordenador values ( 31 );
insert into Coordenador values ( 32 );
insert into Coordenador values ( 33 );
insert into Coordenador values ( 34 );
insert into Coordenador values ( 35 );
insert into Coordenador values ( 36 );
insert into Coordenador values ( 37 );
insert into Coordenador values ( 38 );
insert into Coordenador values ( 39 );
insert into Coordenador values ( 40 );
insert into Coordenador values ( 41 );
insert into Coordenador values ( 42 );
insert into Coordenador values ( 43 );
insert into Coordenador values ( 44 );
insert into Coordenador values ( 45 );
insert into Coordenador values ( 46 );
insert into Coordenador values ( 47 );
insert into Coordenador values ( 48 );
insert into Coordenador values ( 49 );
insert into Coordenador values ( 50 );
insert into Coordenador values ( 51 );
insert into Coordenador values ( 52 );
insert into Coordenador values ( 53 );
insert into Coordenador values ( 54 );
insert into Coordenador values ( 55 );
insert into Coordenador values ( 56 );
insert into Coordenador values ( 57 );
insert into Coordenador values ( 58 );
insert into Coordenador values ( 59 );
insert into Coordenador values ( 60 );
insert into Coordenador values ( 61 );
insert into Coordenador values ( 62 );
insert into Coordenador values ( 63 );
insert into Coordenador values ( 64 );
insert into Coordenador values ( 65 );
insert into Coordenador values ( 66 );
insert into Coordenador values ( 67 );
insert into Coordenador values ( 68 );
insert into Coordenador values ( 69 );
insert into Coordenador values ( 70 );
insert into Coordenador values ( 71 );
insert into Coordenador values ( 72 );
insert into Coordenador values ( 73 );
insert into Coordenador values ( 74 );
insert into Coordenador values ( 75 );
insert into Coordenador values ( 76 );
insert into Coordenador values ( 77 );
insert into Coordenador values ( 78 );
insert into Coordenador values ( 79 );
insert into Coordenador values ( 80 );
insert into Coordenador values ( 81 );
insert into Coordenador values ( 82 );
insert into Coordenador values ( 83 );
insert into Coordenador values ( 84 );
insert into Coordenador values ( 85 );
insert into Coordenador values ( 86 );
insert into Coordenador values ( 87 );
insert into Coordenador values ( 88 );
insert into Coordenador values ( 89 );
insert into Coordenador values ( 90 );
insert into Coordenador values ( 91 );
insert into Coordenador values ( 92 );
insert into Coordenador values ( 93 );
insert into Coordenador values ( 94 );
insert into Coordenador values ( 95 );
insert into Coordenador values ( 96 );
insert into Coordenador values ( 97 );
insert into Coordenador values ( 98 );
insert into Coordenador values ( 99 );

--Audita
insert into Audita values ( 27 , 0 ,'Exercito', 26 ,'2002-09-06 19:35', '2003-07-18 15:08', '2003-07-19 02:16', 'hajknouwvphawojswcqj');
insert into Audita values ( 9 , 0 ,'Policia', 28 ,'2011-06-04 13:14', '2012-04-22 13:49', '2012-04-23 21:39', 'ldsbfbtlwqrhvcoecalk');
insert into Audita values ( 59 , 1 ,'Policia', 89 ,'2000-04-23 10:17', '2001-04-05 04:11', '2001-04-07 13:48', 'iwdcrymukqlnmcbitycm');
insert into Audita values ( 70 , 2 ,'Policia', 6 ,'2015-12-26 15:03', '2015-12-30 19:03', '2016-01-01 09:32', 'wnfmsqfcnxniejgrvpyo');
insert into Audita values ( 51 , 1 ,'Exercito', 27 ,'2009-09-02 10:35', '2010-02-02 14:45', '2010-02-04 17:57', 'xxmfiboqbmqgqeghdjwt');
insert into Audita values ( 64 , 0 ,'Forca aerea', 9 ,'2013-07-03 08:36', '2013-09-04 21:25', '2013-09-05 12:35', 'uurfjjallyygieypgnyp');
insert into Audita values ( 5 , 0 ,'Bombeiros', 11 ,'2013-07-03 02:05', '2013-10-01 09:22', '2013-10-03 12:25', 'oeclejjuwvaidpmskfwb');
insert into Audita values ( 19 , 3 ,'Policia', 51 ,'2015-09-16 10:25', '2016-05-29 12:35', '2016-05-30 15:54', 'dnsxrqvezjhtqdjqpymi');
insert into Audita values ( 3 , 1 ,'Forca aerea', 17 ,'2005-04-26 02:43', '2005-05-14 05:46', '2005-05-16 13:40', 'shceffbicmaebyealuvi');
insert into Audita values ( 63 , 1 ,'Bombeiros', 87 ,'2002-02-27 04:45', '2002-10-05 21:05', '2002-10-07 01:40', 'auonuvyzkcayuirhqotm');
insert into Audita values ( 87 , 2 ,'Forca aerea', 77 ,'2010-05-23 22:43', '2010-10-31 12:10', '2010-11-01 06:19', 'nawyukjwlxntymadmbek');
insert into Audita values ( 78 , 4 ,'Policia', 42 ,'2001-10-23 23:19', '2001-12-25 00:59', '2001-12-27 15:19', 'jvomnnetfqdlrfhvmlcr');
insert into Audita values ( 83 , 2 ,'Bombeiros', 44 ,'2012-01-17 13:44', '2012-10-15 10:04', '2012-10-16 16:13', 'pqshdvhminiiljgzizus');
insert into Audita values ( 55 , 2 ,'Exercito', 62 ,'2000-05-19 22:40', '2000-12-28 11:24', '2000-12-30 11:05', 'qsoosjrqkscokjefhljk');
insert into Audita values ( 32 , 3 ,'Exercito', 2 ,'2017-10-10 12:03', '2017-10-13 00:25', '2017-10-14 21:11', 'vhohxcfcfgpawveqtcap');
insert into Audita values ( 71 , 4 ,'Exercito', 84 ,'2017-12-24 14:50', '2018-10-05 16:52', '2018-10-07 02:10', 'qrsvmchqvrxkvxljpiiv');
insert into Audita values ( 37 , 5 ,'Exercito', 21 ,'2007-01-08 00:14', '2007-08-04 06:16', '2007-08-06 05:09', 'hduptjyxutyjwfdqgqqp');
insert into Audita values ( 57 , 6 ,'Exercito', 27 ,'2011-06-13 11:09', '2012-03-01 12:30', '2012-03-03 09:08', 'umaorczioeibmdkilqlf');
insert into Audita values ( 42 , 7 ,'Exercito', 11 ,'2016-11-11 14:51', '2017-09-25 10:02', '2017-09-27 01:57', 'qspitzkupeeaulbdmcse');
insert into Audita values ( 85 , 3 ,'Bombeiros', 83 ,'2010-06-12 14:14', '2011-02-22 07:17', '2011-02-23 07:18', 'vlkqtbtvljdtlvpoudkz');
insert into Audita values ( 45 , 5 ,'Policia', 76 ,'2013-10-13 22:09', '2014-02-06 13:57', '2014-02-07 07:11', 'juuemvhfjiybuzzgjubr');
insert into Audita values ( 10 , 3 ,'Forca aerea', 33 ,'2004-09-15 06:07', '2004-12-05 15:22', '2004-12-06 06:11', 'jjnvgoumeqdkwdqinerd');
insert into Audita values ( 7 , 4 ,'Forca aerea', 85 ,'2003-06-04 20:08', '2003-09-12 22:06', '2003-09-13 20:45', 'zveudcdrzbkcbmwomwrq');
insert into Audita values ( 6 , 8 ,'Exercito', 67 ,'2000-05-04 17:22', '2000-09-04 14:33', '2000-09-06 09:28', 'jzfmanwamdsawyakjfir');
insert into Audita values ( 54 , 5 ,'Forca aerea', 85 ,'2011-01-04 02:25', '2011-05-04 10:36', '2011-05-06 15:20', 'mtedcyddnskwxjpxbcxr');
insert into Audita values ( 30 , 4 ,'Bombeiros', 20 ,'2007-04-10 18:11', '2008-04-06 21:08', '2008-04-08 10:19', 'utdtpmgkqeoziulysojj');
insert into Audita values ( 3 , 5 ,'Bombeiros', 63 ,'2010-05-09 02:33', '2011-02-01 13:08', '2011-02-03 06:35', 'wxyosvdfxvtwvdwdtsow');
insert into Audita values ( 55 , 6 ,'Policia', 6 ,'2017-04-17 04:11', '2017-09-17 20:18', '2017-09-18 20:42', 'raltonqmcssnquvzqbly');
insert into Audita values ( 74 , 7 ,'Policia', 9 ,'2007-02-17 19:46', '2007-09-10 19:41', '2007-09-11 02:21', 'nxqzvlqkxhkhymfppmfi');
insert into Audita values ( 66 , 9 ,'Exercito', 55 ,'2006-08-20 17:00', '2006-12-12 03:54', '2006-12-14 17:14', 'qdfivnsnntwggadgnrrr');
insert into Audita values ( 49 , 10 ,'Exercito', 35 ,'2017-12-01 13:22', '2018-01-06 14:11', '2018-01-08 22:12', 'wedrfgwcewpfpytnzoza');
insert into Audita values ( 98 , 11 ,'Exercito', 44 ,'2008-07-04 19:38', '2008-08-22 11:07', '2008-08-23 15:35', 'tvbxdstvelmztomhhrjp');
insert into Audita values ( 39 , 8 ,'Policia', 9 ,'2017-12-26 05:32', '2018-01-15 20:23', '2018-01-16 06:33', 'pwbyzbaknyolptspyyjv');
insert into Audita values ( 50 , 6 ,'Bombeiros', 95 ,'2002-02-25 16:04', '2002-03-31 12:29', '2002-04-01 22:59', 'tqgkqfkjusteqgrecncd');
insert into Audita values ( 57 , 6 ,'Forca aerea', 10 ,'2000-02-09 06:59', '2000-09-19 11:51', '2000-09-21 21:33', 'wxyxtrwnxqhfzohmnywe');
insert into Audita values ( 37 , 12 ,'Exercito', 37 ,'2008-10-26 00:03', '2008-11-19 06:53', '2008-11-20 10:36', 'wbzrnwpdsllcimqxudgu');
insert into Audita values ( 13 , 7 ,'Forca aerea', 36 ,'2017-05-04 12:06', '2017-11-03 02:48', '2017-11-04 13:06', 'avnzrzifpsgtufycdlrm');
insert into Audita values ( 21 , 8 ,'Forca aerea', 69 ,'2001-04-07 01:31', '2002-03-23 05:28', '2002-03-24 09:43', 'tsybxqfgjtslpbbljhtk');
insert into Audita values ( 60 , 9 ,'Forca aerea', 52 ,'2010-04-07 03:11', '2010-11-12 11:30', '2010-11-14 20:58', 'zuvjxbcgnjsmxrjnynkc');
insert into Audita values ( 5 , 10 ,'Forca aerea', 17 ,'2008-07-06 23:53', '2008-11-22 13:03', '2008-11-24 06:35', 'rjuqxszmaqpixlsgfaux');
insert into Audita values ( 91 , 9 ,'Policia', 56 ,'2008-08-14 13:52', '2009-05-28 00:53', '2009-05-29 02:37', 'ykzoskgiugwvwdrlnqfr');
insert into Audita values ( 59 , 10 ,'Policia', 70 ,'2011-03-20 08:34', '2011-10-27 01:26', '2011-10-28 16:43', 'phvtfhyektrwtrrxvmvp');
insert into Audita values ( 35 , 11 ,'Forca aerea', 21 ,'2013-01-25 19:23', '2013-06-25 23:12', '2013-06-27 10:12', 'xscjukojjqrmujzuhhdr');
insert into Audita values ( 48 , 11 ,'Policia', 28 ,'2009-09-05 01:09', '2010-02-07 14:56', '2010-02-09 12:09', 'khwlewiagcxbkttocqqu');
insert into Audita values ( 49 , 7 ,'Bombeiros', 4 ,'2002-11-24 09:37', '2003-10-29 15:09', '2003-10-30 04:16', 'neyejguwqesetwxiwtnx');
insert into Audita values ( 19 , 13 ,'Exercito', 1 ,'2010-01-13 11:00', '2010-11-06 20:42', '2010-11-08 23:16', 'mkqxmqxidspwvvjznidp');
insert into Audita values ( 38 , 8 ,'Bombeiros', 65 ,'2006-05-12 23:22', '2007-03-24 19:57', '2007-03-26 23:14', 'sqqncqvuyhqkmkoqnobi');
insert into Audita values ( 19 , 12 ,'Forca aerea', 42 ,'2000-03-02 14:24', '2001-01-21 14:37', '2001-01-23 18:47', 'malvsmqkjlfukyeirado');
insert into Audita values ( 41 , 13 ,'Forca aerea', 57 ,'2017-05-02 09:43', '2018-02-11 00:27', '2018-02-12 01:35', 'barfgmqzfrjdgcsuieoa');
insert into Audita values ( 51 , 14 ,'Forca aerea', 30 ,'2008-12-27 03:36', '2009-12-14 17:22', '2009-12-16 08:29', 'xzpyszzdyvhmpumkiqmu');
insert into Audita values ( 95 , 12 ,'Policia', 23 ,'2003-09-04 20:18', '2003-12-18 18:01', '2003-12-19 09:09', 'xrmjegzekfrijbkceref');
insert into Audita values ( 98 , 15 ,'Forca aerea', 90 ,'2003-09-03 16:51', '2003-11-13 00:51', '2003-11-14 10:59', 'gbjeqqjjjzzunvskdnps');
insert into Audita values ( 31 , 14 ,'Exercito', 7 ,'2013-10-04 18:28', '2013-12-05 22:50', '2013-12-07 09:03', 'meoskjekjktrotorggmy');
insert into Audita values ( 72 , 16 ,'Forca aerea', 53 ,'2005-02-11 13:33', '2005-10-12 14:52', '2005-10-14 17:39', 'veehvypahbglfudccltn');
insert into Audita values ( 85 , 9 ,'Bombeiros', 64 ,'2011-07-15 20:27', '2012-01-11 10:34', '2012-01-12 01:42', 'epxtjqfkxcfflsnrtmpu');
insert into Audita values ( 48 , 15 ,'Exercito', 48 ,'2005-03-18 03:06', '2005-05-06 13:46', '2005-05-08 01:45', 'uxucxgbtzfinwpkvxgcj');
insert into Audita values ( 36 , 13 ,'Policia', 32 ,'2017-12-27 23:56', '2018-11-04 21:23', '2018-11-06 04:56', 'bebfzyoqmmarbhtafhxr');
insert into Audita values ( 5 , 16 ,'Exercito', 80 ,'2017-12-12 06:35', '2018-08-07 10:40', '2018-08-09 13:07', 'qkptuilgmhfbblywsgcy');
insert into Audita values ( 13 , 17 ,'Forca aerea', 81 ,'2010-12-01 11:26', '2011-06-09 09:48', '2011-06-11 05:57', 'nnirahpimaagqnurbxds');
insert into Audita values ( 61 , 10 ,'Bombeiros', 3 ,'2012-04-06 18:20', '2012-04-18 04:00', '2012-04-19 04:08', 'tggzsdxjfavdracemsha');
insert into Audita values ( 26 , 11 ,'Bombeiros', 26 ,'2001-06-06 12:22', '2001-06-14 09:50', '2001-06-15 05:09', 'wrnemicaogmfcuzfytmh');
insert into Audita values ( 51 , 18 ,'Forca aerea', 80 ,'2003-04-02 04:39', '2003-11-29 09:33', '2003-11-30 13:15', 'kxhhupizjgffwmkqrqxc');
insert into Audita values ( 95 , 17 ,'Exercito', 55 ,'2005-08-12 03:59', '2006-01-30 23:25', '2006-02-01 11:24', 'uceysxjlsheeeprjrszl');
insert into Audita values ( 27 , 18 ,'Exercito', 68 ,'2012-05-05 15:05', '2012-08-14 02:57', '2012-08-16 08:16', 'crkllyceriezsqfheasp');
insert into Audita values ( 76 , 12 ,'Bombeiros', 49 ,'2006-01-03 16:35', '2006-12-24 14:33', '2006-12-25 18:35', 'wiyvxvuvcvfcakynreux');
insert into Audita values ( 34 , 14 ,'Policia', 67 ,'2012-02-28 11:39', '2012-09-26 05:36', '2012-09-27 19:32', 'mfcqhorrjsjrsbhisopm');
insert into Audita values ( 78 , 19 ,'Forca aerea', 82 ,'2003-06-21 15:57', '2003-12-13 16:14', '2003-12-15 09:30', 'tkkpbnuwtvhqjwcukcld');
insert into Audita values ( 39 , 15 ,'Policia', 99 ,'2017-12-11 19:22', '2018-01-22 10:03', '2018-01-23 11:01', 'ctdtcaopzoqgxvznavvo');
insert into Audita values ( 19 , 13 ,'Bombeiros', 64 ,'2014-05-18 02:25', '2015-04-11 08:03', '2015-04-13 14:15', 'nqdkadxpizmqltmwmpqj');
insert into Audita values ( 82 , 16 ,'Policia', 70 ,'2003-07-24 20:49', '2004-04-03 23:55', '2004-04-04 01:46', 'luspeybgvizbbykpauzl');
insert into Audita values ( 28 , 19 ,'Exercito', 19 ,'2006-07-28 00:46', '2007-02-05 01:19', '2007-02-06 20:09', 'tltbtiyxezyawbzgllzt');
insert into Audita values ( 30 , 17 ,'Policia', 40 ,'2009-11-02 17:35', '2010-09-06 14:01', '2010-09-08 09:43', 'nyzcjgxqgprtakvmukcc');
insert into Audita values ( 26 , 20 ,'Forca aerea', 35 ,'2015-06-14 10:11', '2015-12-15 06:20', '2015-12-16 07:16', 'djtvqcatxtgdfcilnvgk');
insert into Audita values ( 25 , 20 ,'Exercito', 21 ,'2010-03-16 21:02', '2010-07-10 04:21', '2010-07-12 04:34', 'fopvflsfpgyjwvkslzcy');
insert into Audita values ( 25 , 21 ,'Exercito', 39 ,'2015-05-05 16:26', '2016-03-19 07:01', '2016-03-20 07:53', 'ejqwlvzotimbqwvbwcoo');
insert into Audita values ( 86 , 18 ,'Policia', 47 ,'2015-04-05 15:27', '2015-10-11 03:20', '2015-10-12 10:28', 'jkqlqlqkjeurcljonpjx');
insert into Audita values ( 21 , 22 ,'Exercito', 86 ,'2008-10-28 02:53', '2009-10-28 09:06', '2009-10-29 10:11', 'ibmelurylthvgsopwjky');
insert into Audita values ( 31 , 23 ,'Exercito', 70 ,'2005-06-18 00:02', '2005-09-08 13:16', '2005-09-09 07:06', 'ltkvkqqysxtrnybjqtdr');
insert into Audita values ( 76 , 24 ,'Exercito', 29 ,'2014-03-06 00:04', '2014-12-01 14:56', '2014-12-02 10:56', 'uvrnbyubrtgufonnmwxd');
insert into Audita values ( 78 , 19 ,'Policia', 72 ,'2014-03-22 14:53', '2014-10-15 19:39', '2014-10-16 14:09', 'sxenedxsbbxgorbjbwxf');
insert into Audita values ( 61 , 14 ,'Bombeiros', 32 ,'2000-09-23 09:23', '2001-06-18 18:19', '2001-06-19 00:37', 'ucxncpkvvuyzwjndytji');
insert into Audita values ( 0 , 25 ,'Exercito', 17 ,'2014-01-15 13:54', '2014-10-04 09:29', '2014-10-06 20:27', 'qbvtzmvlxgmsihasfwng');
insert into Audita values ( 4 , 26 ,'Exercito', 36 ,'2009-11-24 00:36', '2010-09-24 17:01', '2010-09-26 14:57', 'ocmlwovwzcajyeoyhekr');
insert into Audita values ( 47 , 27 ,'Exercito', 91 ,'2011-10-17 15:45', '2011-12-17 14:56', '2011-12-19 16:30', 'eikycqcwpedmgbypydlc');
insert into Audita values ( 26 , 15 ,'Bombeiros', 83 ,'2006-09-08 08:46', '2007-07-20 01:10', '2007-07-22 13:12', 'ypaklajulnvbvptrmxue');
insert into Audita values ( 76 , 21 ,'Forca aerea', 73 ,'2010-01-04 22:55', '2010-05-11 09:01', '2010-05-13 18:59', 'tngzxolmqvogixspzzwl');
insert into Audita values ( 35 , 28 ,'Exercito', 3 ,'2003-06-15 12:17', '2004-05-07 15:57', '2004-05-08 06:02', 'daiuuhsmbgndmdxnjijt');
insert into Audita values ( 93 , 29 ,'Exercito', 77 ,'2002-11-03 03:38', '2003-05-22 04:05', '2003-05-23 11:26', 'rareglugdkkhrigomxax');
insert into Audita values ( 22 , 22 ,'Forca aerea', 58 ,'2004-06-23 20:14', '2005-03-18 23:23', '2005-03-20 23:32', 'gwlozoazjyyunjrlkdca');
insert into Audita values ( 85 , 23 ,'Forca aerea', 57 ,'2001-10-25 09:25', '2002-01-08 05:47', '2002-01-09 04:45', 'axkmvbqycjbnxqhzsbil');
insert into Audita values ( 37 , 20 ,'Policia', 23 ,'2002-04-04 00:25', '2002-10-09 23:10', '2002-10-10 09:52', 'fqppltqtuhbpiuyiqvou');
insert into Audita values ( 44 , 30 ,'Exercito', 44 ,'2010-10-09 20:41', '2011-01-25 13:31', '2011-01-26 02:35', 'andtjeqlwrsrmxexyofx');
insert into Audita values ( 67 , 21 ,'Policia', 10 ,'2005-04-16 21:16', '2005-10-01 14:29', '2005-10-02 14:22', 'tcoesocndmogjzzxdwtd');
insert into Audita values ( 67 , 22 ,'Policia', 38 ,'2000-02-22 02:27', '2000-11-30 04:20', '2000-12-02 22:52', 'mvcnnuptbshbtxnfoicu');
insert into Audita values ( 6 , 31 ,'Exercito', 13 ,'2002-02-11 07:30', '2002-08-01 00:28', '2002-08-02 18:20', 'ydngtjyqfuwxspcnuhmi');
insert into Audita values ( 24 , 16 ,'Bombeiros', 23 ,'2010-06-12 05:36', '2011-05-10 03:35', '2011-05-11 02:44', 'tlkwjrarxzfrdzzdqkut');
insert into Audita values ( 24 , 17 ,'Bombeiros', 36 ,'2013-03-02 04:50', '2013-08-11 17:05', '2013-08-13 03:32', 'xqffazzihmchbpvglxbp');
insert into Audita values ( 35 , 23 ,'Policia', 25 ,'2008-09-01 05:42', '2009-08-22 12:47', '2009-08-23 07:57', 'krlykvmfaifhnfunwdeh');
insert into Audita values ( 29 , 32 ,'Exercito', 6 ,'2009-09-21 02:12', '2010-02-14 10:49', '2010-02-15 06:13', 'raghctdwsszcgbvqhpnz');

--Solicita
insert into Solicita values ( 91 ,'2004-10-03 18:30',  78 , '2004-10-04 18:30:00', '2004-10-06 18:30:00');
insert into Solicita values ( 13 ,'2001-06-28 10:39',  10 , '2001-06-29 10:39:00', '2001-07-01 10:39:00');
insert into Solicita values ( 9 ,'2001-02-23 07:36',  88 , '2001-02-24 07:36:00', '2001-02-26 07:36:00');
insert into Solicita values ( 32 ,'2016-07-08 19:15',  18 , '2016-07-09 19:15:00', '2016-07-11 19:15:00');
insert into Solicita values ( 19 ,'2003-03-13 15:09',  86 , '2003-03-15 15:09:00', '2003-03-18 15:09:00');
insert into Solicita values ( 16 ,'2001-06-28 10:39',  10 , '2001-06-30 10:39:00', '2001-07-02 10:39:00');
insert into Solicita values ( 56 ,'2008-12-22 04:21',  93 , '2008-12-24 04:21:00', '2008-12-27 04:21:00');
insert into Solicita values ( 52 ,'2006-02-28 14:36',  4 , '2006-03-01 14:36:00', '2006-03-04 14:36:00');
insert into Solicita values ( 3 ,'2008-02-09 12:14',  74 , '2008-02-10 12:14:00', '2008-02-12 12:14:00');
insert into Solicita values ( 23 ,'2016-02-13 14:53',  44 , '2016-02-15 14:53:00', '2016-02-17 14:53:00');
insert into Solicita values ( 71 ,'2014-09-03 08:22',  11 , '2014-09-05 08:22:00', '2014-09-08 08:22:00');
insert into Solicita values ( 49 ,'2010-11-13 17:34',  71 , '2010-11-15 17:34:00', '2010-11-18 17:34:00');
insert into Solicita values ( 29 ,'2008-07-18 16:49',  63 , '2008-07-20 16:49:00', '2008-07-23 16:49:00');
insert into Solicita values ( 15 ,'2009-02-21 16:55',  32 , '2009-02-22 16:55:00', '2009-02-26 16:55:00');
insert into Solicita values ( 67 ,'2006-01-19 03:03',  33 , '2006-01-20 03:03:00', '2006-01-22 03:03:00');
insert into Solicita values ( 31 ,'2002-02-06 13:20',  99 , '2002-02-07 13:20:00', '2002-02-10 13:20:00');
insert into Solicita values ( 3 ,'2017-12-05 17:34',  12 , '2017-12-06 17:34:00', '2017-12-08 17:34:00');
insert into Solicita values ( 43 ,'2003-11-04 18:34',  23 , '2003-11-06 18:34:00', '2003-11-07 18:34:00');
insert into Solicita values ( 78 ,'2016-01-22 06:24',  58 , '2016-01-23 06:24:00', '2016-01-25 06:24:00');
insert into Solicita values ( 17 ,'2009-02-15 04:47',  25 , '2009-02-16 04:47:00', '2009-02-18 04:47:00');
insert into Solicita values ( 7 ,'2008-10-15 09:48',  60 , '2008-10-17 09:48:00', '2008-10-19 09:48:00');
insert into Solicita values ( 59 ,'2016-05-21 00:26',  39 , '2016-05-22 00:26:00', '2016-05-26 00:26:00');
insert into Solicita values ( 14 ,'2016-07-08 19:15',  18 , '2016-07-10 19:15:00', '2016-07-11 19:15:00');
insert into Solicita values ( 12 ,'2005-03-14 21:28',  27 , '2005-03-15 21:28:00', '2005-03-19 21:28:00');
insert into Solicita values ( 3 ,'2009-02-21 16:55',  32 , '2009-02-23 16:55:00', '2009-02-24 16:55:00');
insert into Solicita values ( 83 ,'2001-04-28 09:29',  78 , '2001-04-30 09:29:00', '2001-05-01 09:29:00');
insert into Solicita values ( 16 ,'2009-01-20 01:47',  0 , '2009-01-22 01:47:00', '2009-01-23 01:47:00');
insert into Solicita values ( 36 ,'2003-03-13 15:09',  86 , '2003-03-15 15:09:00', '2003-03-16 15:09:00');
insert into Solicita values ( 72 ,'2016-02-13 14:53',  44 , '2016-02-15 14:53:00', '2016-02-18 14:53:00');
insert into Solicita values ( 3 ,'2009-01-20 01:47',  0 , '2009-01-22 01:47:00', '2009-01-25 01:47:00');
insert into Solicita values ( 26 ,'2012-06-13 14:27',  71 , '2012-06-14 14:27:00', '2012-06-16 14:27:00');
insert into Solicita values ( 65 ,'2014-10-20 18:47',  24 , '2014-10-21 18:47:00', '2014-10-23 18:47:00');
insert into Solicita values ( 76 ,'2003-10-15 02:55',  8 , '2003-10-16 02:55:00', '2003-10-19 02:55:00');
insert into Solicita values ( 4 ,'2003-11-04 18:34',  23 , '2003-11-06 18:34:00', '2003-11-09 18:34:00');
insert into Solicita values ( 4 ,'2016-05-21 00:26',  39 , '2016-05-23 00:26:00', '2016-05-24 00:26:00');
insert into Solicita values ( 92 ,'2013-08-04 04:53',  4 , '2013-08-05 04:53:00', '2013-08-07 04:53:00');
insert into Solicita values ( 47 ,'2013-08-04 04:53',  4 , '2013-08-06 04:53:00', '2013-08-07 04:53:00');
insert into Solicita values ( 22 ,'2000-10-16 17:26',  21 , '2000-10-17 17:26:00', '2000-10-19 17:26:00');
insert into Solicita values ( 9 ,'2015-02-22 06:29',  17 , '2015-02-24 06:29:00', '2015-02-27 06:29:00');
insert into Solicita values ( 70 ,'2001-02-23 07:36',  88 , '2001-02-24 07:36:00', '2001-02-28 07:36:00');
insert into Solicita values ( 34 ,'2000-12-17 05:35',  36 , '2000-12-19 05:35:00', '2000-12-20 05:35:00');
insert into Solicita values ( 2 ,'2013-03-15 18:05',  35 , '2013-03-17 18:05:00', '2013-03-19 18:05:00');
insert into Solicita values ( 10 ,'2017-04-07 22:08',  78 , '2017-04-09 22:08:00', '2017-04-10 22:08:00');
insert into Solicita values ( 99 ,'2003-01-01 12:18',  79 , '2003-01-02 12:18:00', '2003-01-04 12:18:00');
insert into Solicita values ( 43 ,'2008-01-14 07:30',  11 , '2008-01-15 07:30:00', '2008-01-17 07:30:00');
insert into Solicita values ( 27 ,'2000-10-24 02:06',  17 , '2000-10-26 02:06:00', '2000-10-27 02:06:00');
insert into Solicita values ( 18 ,'2018-07-03 04:01',  59 , '2018-07-05 04:01:00', '2018-07-06 04:01:00');
insert into Solicita values ( 95 ,'2000-12-17 05:35',  36 , '2000-12-18 05:35:00', '2000-12-21 05:35:00');
insert into Solicita values ( 21 ,'2017-04-13 08:16',  24 , '2017-04-14 08:16:00', '2017-04-18 08:16:00');
insert into Solicita values ( 21 ,'2004-10-03 18:30',  78 , '2004-10-04 18:30:00', '2004-10-07 18:30:00');
insert into Solicita values ( 28 ,'2011-10-20 12:24',  4 , '2011-10-21 12:24:00', '2011-10-25 12:24:00');
insert into Solicita values ( 0 ,'2003-02-28 09:18',  42 , '2003-03-01 09:18:00', '2003-03-05 09:18:00');
insert into Solicita values ( 85 ,'2001-02-23 07:36',  88 , '2001-02-24 07:36:00', '2001-02-27 07:36:00');
insert into Solicita values ( 98 ,'2006-09-11 12:22',  83 , '2006-09-13 12:22:00', '2006-09-15 12:22:00');
insert into Solicita values ( 26 ,'2006-01-19 03:03',  33 , '2006-01-20 03:03:00', '2006-01-22 03:03:00');
insert into Solicita values ( 67 ,'2008-02-04 15:56',  94 , '2008-02-06 15:56:00', '2008-02-09 15:56:00');
insert into Solicita values ( 69 ,'2000-05-25 06:09',  65 , '2000-05-26 06:09:00', '2000-05-30 06:09:00');
insert into Solicita values ( 50 ,'2002-01-22 03:16',  34 , '2002-01-24 03:16:00', '2002-01-25 03:16:00');
insert into Solicita values ( 77 ,'2002-10-19 11:18',  28 , '2002-10-20 11:18:00', '2002-10-22 11:18:00');
insert into Solicita values ( 74 ,'2011-02-16 16:59',  65 , '2011-02-17 16:59:00', '2011-02-19 16:59:00');
insert into Solicita values ( 15 ,'2017-04-13 08:16',  24 , '2017-04-14 08:16:00', '2017-04-16 08:16:00');
insert into Solicita values ( 31 ,'2008-01-14 07:30',  11 , '2008-01-16 07:30:00', '2008-01-18 07:30:00');
insert into Solicita values ( 12 ,'2008-02-09 12:14',  74 , '2008-02-11 12:14:00', '2008-02-13 12:14:00');
insert into Solicita values ( 23 ,'2000-12-17 05:35',  36 , '2000-12-18 05:35:00', '2000-12-20 05:35:00');
insert into Solicita values ( 52 ,'2011-04-28 22:07',  59 , '2011-04-29 22:07:00', '2011-05-03 22:07:00');
insert into Solicita values ( 64 ,'2002-02-16 22:44',  4 , '2002-02-18 22:44:00', '2002-02-21 22:44:00');
insert into Solicita values ( 7 ,'2012-06-20 11:28',  77 , '2012-06-21 11:28:00', '2012-06-24 11:28:00');
insert into Solicita values ( 17 ,'2004-06-05 02:36',  34 , '2004-06-06 02:36:00', '2004-06-09 02:36:00');
insert into Solicita values ( 27 ,'2008-02-21 09:58',  69 , '2008-02-22 09:58:00', '2008-02-25 09:58:00');
insert into Solicita values ( 10 ,'2003-04-07 02:18',  81 , '2003-04-09 02:18:00', '2003-04-11 02:18:00');
insert into Solicita values ( 61 ,'2004-02-23 12:41',  65 , '2004-02-25 12:41:00', '2004-02-28 12:41:00');
insert into Solicita values ( 89 ,'2008-01-14 07:30',  11 , '2008-01-15 07:30:00', '2008-01-19 07:30:00');
insert into Solicita values ( 30 ,'2016-08-10 23:07',  7 , '2016-08-11 23:07:00', '2016-08-13 23:07:00');
insert into Solicita values ( 26 ,'2008-10-15 09:48',  60 , '2008-10-16 09:48:00', '2008-10-18 09:48:00');
insert into Solicita values ( 87 ,'2007-01-07 12:13',  4 , '2007-01-09 12:13:00', '2007-01-12 12:13:00');
insert into Solicita values ( 37 ,'2006-02-28 14:36',  4 , '2006-03-02 14:36:00', '2006-03-05 14:36:00');
insert into Solicita values ( 10 ,'2018-11-20 15:29',  7 , '2018-11-22 15:29:00', '2018-11-25 15:29:00');
insert into Solicita values ( 30 ,'2003-10-15 02:55',  8 , '2003-10-17 02:55:00', '2003-10-18 02:55:00');
insert into Solicita values ( 90 ,'2018-11-20 15:29',  7 , '2018-11-22 15:29:00', '2018-11-24 15:29:00');
insert into Solicita values ( 92 ,'2008-02-04 15:56',  94 , '2008-02-06 15:56:00', '2008-02-09 15:56:00');
insert into Solicita values ( 25 ,'2001-01-16 21:40',  84 , '2001-01-17 21:40:00', '2001-01-21 21:40:00');
insert into Solicita values ( 51 ,'2018-07-03 04:01',  59 , '2018-07-04 04:01:00', '2018-07-06 04:01:00');
insert into Solicita values ( 41 ,'2015-02-22 06:29',  17 , '2015-02-23 06:29:00', '2015-02-27 06:29:00');
insert into Solicita values ( 13 ,'2008-02-09 12:14',  74 , '2008-02-11 12:14:00', '2008-02-13 12:14:00');
insert into Solicita values ( 87 ,'2012-01-07 09:43',  78 , '2012-01-09 09:43:00', '2012-01-10 09:43:00');
insert into Solicita values ( 81 ,'2006-02-28 14:36',  4 , '2006-03-02 14:36:00', '2006-03-04 14:36:00');
insert into Solicita values ( 57 ,'2016-05-05 23:26',  74 , '2016-05-07 23:26:00', '2016-05-08 23:26:00');
insert into Solicita values ( 60 ,'2000-12-17 05:35',  36 , '2000-12-19 05:35:00', '2000-12-20 05:35:00');
insert into Solicita values ( 45 ,'2009-01-20 01:47',  0 , '2009-01-22 01:47:00', '2009-01-23 01:47:00');
insert into Solicita values ( 73 ,'2000-05-25 06:09',  65 , '2000-05-26 06:09:00', '2000-05-28 06:09:00');
insert into Solicita values ( 34 ,'2010-10-27 17:12',  66 , '2010-10-29 17:12:00', '2010-10-30 17:12:00');
insert into Solicita values ( 90 ,'2002-11-11 00:49',  85 , '2002-11-13 00:49:00', '2002-11-15 00:49:00');
insert into Solicita values ( 29 ,'2002-01-22 03:16',  34 , '2002-01-24 03:16:00', '2002-01-25 03:16:00');
insert into Solicita values ( 21 ,'2002-01-10 01:50',  42 , '2002-01-12 01:50:00', '2002-01-15 01:50:00');
insert into Solicita values ( 22 ,'2001-06-28 10:39',  10 , '2001-06-30 10:39:00', '2001-07-02 10:39:00');
insert into Solicita values ( 94 ,'2011-10-20 12:24',  4 , '2011-10-22 12:24:00', '2011-10-24 12:24:00');
insert into Solicita values ( 70 ,'2006-02-28 14:36',  4 , '2006-03-01 14:36:00', '2006-03-03 14:36:00');
insert into Solicita values ( 73 ,'2012-06-07 17:29',  73 , '2012-06-09 17:29:00', '2012-06-11 17:29:00');
insert into Solicita values ( 87 ,'2013-08-04 04:53',  4 , '2013-08-05 04:53:00', '2013-08-09 04:53:00');
insert into Solicita values ( 94 ,'2010-11-13 17:34',  71 , '2010-11-15 17:34:00', '2010-11-18 17:34:00');
